-- phpMyAdmin SQL Dump
-- version 4.8.4
-- https://www.phpmyadmin.net/
--
-- Host: 127.0.0.1
-- Generation Time: Apr 17, 2019 at 04:08 PM
-- Server version: 10.1.37-MariaDB
-- PHP Version: 7.2.13

SET SQL_MODE = "NO_AUTO_VALUE_ON_ZERO";
SET AUTOCOMMIT = 0;
START TRANSACTION;
SET time_zone = "+00:00";


/*!40101 SET @OLD_CHARACTER_SET_CLIENT=@@CHARACTER_SET_CLIENT */;
/*!40101 SET @OLD_CHARACTER_SET_RESULTS=@@CHARACTER_SET_RESULTS */;
/*!40101 SET @OLD_COLLATION_CONNECTION=@@COLLATION_CONNECTION */;
/*!40101 SET NAMES utf8mb4 */;

--
-- Database: `e-book`
--

-- --------------------------------------------------------

--
-- Table structure for table `categories`
--

CREATE TABLE `categories` (
  `id` int(11) NOT NULL,
  `name` varchar(255) CHARACTER SET utf8 COLLATE utf8_vietnamese_ci NOT NULL
) ENGINE=InnoDB DEFAULT CHARSET=latin1;

--
-- Dumping data for table `categories`
--

INSERT INTO `categories` (`id`, `name`) VALUES
(1, 'Học ngoại ngữ'),
(2, 'Sách chuyên ngành'),
(5, 'Sách tuổi teen'),
(6, 'Sách kinh tế'),
(7, 'Thường thức đời sống'),
(8, 'Văn học trong nước'),
(9, 'Văn phòng phẩm'),
(10, 'Văn học nước ngoài'),
(11, 'Sách thiếu nhi'),
(12, 'Kỹ năng sống');

-- --------------------------------------------------------

--
-- Table structure for table `orders`
--

CREATE TABLE `orders` (
  `id` int(11) NOT NULL,
  `user_id` int(11) NOT NULL,
  `order_date` timestamp NOT NULL DEFAULT CURRENT_TIMESTAMP,
  `deliver_status` int(11) NOT NULL,
  `total_price` float NOT NULL,
  `address` varchar(255) CHARACTER SET utf8 COLLATE utf8_vietnamese_ci NOT NULL
) ENGINE=InnoDB DEFAULT CHARSET=latin1;

--
-- Dumping data for table `orders`
--

INSERT INTO `orders` (`id`, `user_id`, `order_date`, `deliver_status`, `total_price`, `address`) VALUES
(29, 10, '2019-04-17 10:40:39', 2, 1200000, 'Ao Sen-Mộ Lao-Hà Đông'),
(30, 13, '2019-04-17 10:41:44', 2, 80000, 'ha noi'),
(31, 13, '2019-04-17 10:42:31', 2, 789600, 'da nang'),
(32, 15, '2019-04-17 10:43:55', 2, 1114000, 'qưe'),
(33, 15, '2019-04-17 10:45:40', 2, 2609000, 'phu dien');

-- --------------------------------------------------------

--
-- Table structure for table `orders_products`
--

CREATE TABLE `orders_products` (
  `id` int(11) NOT NULL,
  `order_id` int(11) NOT NULL,
  `product_id` int(11) NOT NULL,
  `num_of_product` int(11) NOT NULL,
  `price` float NOT NULL
) ENGINE=InnoDB DEFAULT CHARSET=latin1;

--
-- Dumping data for table `orders_products`
--

INSERT INTO `orders_products` (`id`, `order_id`, `product_id`, `num_of_product`, `price`) VALUES
(23, 29, 72, 4, 1180000),
(24, 29, 74, 1, 20000),
(25, 30, 74, 4, 80000),
(26, 31, 61, 2, 264000),
(27, 31, 9, 3, 525600),
(28, 32, 57, 4, 162000),
(29, 32, 53, 1, 107000),
(30, 32, 71, 13, 845000),
(31, 33, 94, 3, 633000),
(32, 33, 15, 2, 126000),
(33, 33, 81, 10, 1850000);

-- --------------------------------------------------------

--
-- Table structure for table `products`
--

CREATE TABLE `products` (
  `id` int(11) NOT NULL,
  `title` varchar(255) CHARACTER SET utf8 COLLATE utf8_vietnamese_ci NOT NULL,
  `publisher_name` varchar(255) CHARACTER SET utf32 COLLATE utf32_vietnamese_ci NOT NULL,
  `author_name` varchar(255) CHARACTER SET utf8 COLLATE utf8_vietnamese_ci NOT NULL,
  `publish_year` varchar(255) NOT NULL,
  `category_id` int(11) NOT NULL,
  `price` float NOT NULL,
  `picture` varchar(255) NOT NULL,
  `num_existed` int(11) NOT NULL,
  `description` text CHARACTER SET utf8 COLLATE utf8_vietnamese_ci NOT NULL
) ENGINE=InnoDB DEFAULT CHARSET=latin1;

--
-- Dumping data for table `products`
--

INSERT INTO `products` (`id`, `title`, `publisher_name`, `author_name`, `publish_year`, `category_id`, `price`, `picture`, `num_existed`, `description`) VALUES
(7, 'Quảng Cáo Sáng Tạo', 'Alphabooks', 'Mario Pricken', '11/07/2018', 6, 239000, 'quang-cao-sang-tao-outline-01__90713_thum_135.jpg', 6, 'Quảng Cáo Sáng Tạo\n\nNhững ý tưởng và kỹ thuật làm nên\n\ncác chiến dịch quảng cáo “đỉnh” nhất hành tinh\n\nQuảng Cáo Sáng Tạo là cuốn cẩm nang chứa đựng những ý tưởng tuyệt vời. Tham vọng của nó là khiến người ta thích thú đồng thời đầy lạc quan: với mong muốn đem lại một nhận thức sâu sắc về cách tư duy sáng tạo, cẩm nang này hứa hẹn sẽ lật mở các chiến lược của những nhà sáng tạo hàng đầu và giúp bạn hiểu thêm về những khuôn mẫu nằm ẩn sau những ý tưởng vĩ đại.\n\n• Cuốn sách này nhắm đến những chuyên gia và các nhóm  thuộc các công ty quảng cáo trong ngành  truyền thông.\n• Cuốn sách này là sách hướng dẫn sáng tạo thực tiễn, chứ không chỉ là một bản tóm tắt các lý thuyết.\n• Tất cả các chiến dịch minh họa đều được chọn dựa trên các nền tảng chủ quan và được coi như là các ví dụ điển hình cho nhiều biến thể có thể xảy ra trong từng hạng mục.\n\nHãy vận dụng trực giác của bạn khi sử dụng cuốn sách này và tận hưởng  nó – hãy tìm  hiểu xem điều gì giúp bạn phát triển các ý tưởng tuyệt vời và  thích thú khi làm công việc này.'),
(8, 'Tình Yêu Hàng Hiệu', 'NXB Trẻ', 'Radha Chadha, Paul Husband', '20/07/2018', 6, 176800, 'tinh-yeu-hang-hieu__99251_thum_135.jpg', 8, 'Tình Yêu Hàng Hiệu\n\nCơn sốt hàng hiệu mạnh đến nỗi người tiêu dùng châu Á chiếm một nửa doanh số của toàn ngành công nghiệp hàng hiệu toàn cầu trị giá 80 tỉ đô la. Tác giả Radha Chadha và Paul Husband giải thích về nghịch lý của việc đẩy cao đẳng cấp của sản phẩm, đồng thời phủ hàng rộng khắp. Họ đã giải mã được cơn sốt đó, cung cấp một phương pháp thử-và-kiểm nghiệm để tạo ra một nhóm người ủng hộ cực lớn cho sản phẩm của bạn. Họ nêu sơ lược một mô hình mạnh để giải thích sự lan truyền hàng hiệu ở các thị trường phát triển như Nhật Bản và Hong Kong, trong khi dự đoán con đường tương lai cho các thị trường mới nổi như Trung Quốc và Ấn Độ. Họ cũng nghiên cứu hiện tượng \"hàng nhái xịn\", không thể phân biệt với hàng thật và làm giảm doanh số của hàng thật.\n\nNhận xét dành cho cuốn Tình Yêu Hàng Hiệu\n\n\"Không có nơi nào khác trên thế giới mà hàng hiệu có sức mạnh hơn ở châu Á, ở đây trang phục của bạn nói rất nhiều điều về bản thân bạn. Hấp dẫn và giàu thông tin, Tình Yêu Hàng Hiệu là tác phẩm không thể bỏ qua đối với bất kì ai có ý định bước vào thị trường phát triển bán lẻ ở châu Á. Quyển sách là 1 công cụ vô giá để hiểu tâm lý của người tiêu dùng châu Á.\" - Bertrand Pellegrin, giám đốc tiếp thị của Lane Crawford.\n\n\"Sách được nghiên cứu kỹ lưỡng và dễ đọc, một cái nhìn gây kinh ngạc về nội tình ngành kinh doanh các nhãn hàng hiệu.\" - Ambar Brahmachary, chủ tịch JWT Nhật Bản\n\n\"Trong quyển sách tuyệt vời này, thông qua một loạt các nghiên cứu trường hợp và các phân tích sâu sắc, Chadha và Husband đã làm nỏoi bật các công cụ tiếp thị mà các công ty đang áp dụng thành công để tạo dựng tình yêu hàng hiệu. Đây là một quyển sách cần đọc dành cho những nhà quản lý muốn xây dựng các nhãn hàng hiệu ở những thị trường bùng nổ ở châu Á.\" - Sunil Gupta, giáo sư chuyên ngành tiếp thị, trường kinh doanh Harvard'),
(9, 'Siêu dự báo', 'Alphabooks', 'Philip E. Tetlock, Dan Gardner', '01/05/2018', 6, 175200, 'sieu-du-bao__14910_thum_135.jpg', 9, 'Siêu dự báo\r\n\r\nTất cả mọi người đều muốn nhìn xa hơn vào tương lai, bất kể vì họ đang mua chứng khoán, sọa thảo chính sách, ra mắt một sản phẩm mới hay đơn giản là lên thực đơn ăn uống trong tuần. Thật không may, mọi người đa phần là những người dự báo tồi, và những phỏng đoán của chúng ta chỉ chính xác hơn “ăn may” đôi chút. Trong Siêu dự báo, hai tác giả Tetlock và Gardner đã tạo nên một kiệt tác dự báo, đúc kết từ hàng thập niên nghiên cứu những công trình dự báo đồ sộ do các chính phủ tài trợ. Dự án của hai ông có những người tham gia rất bình thường – từ nhà làm phim, thợ lắp ống nước cho đến vũ công – nhưng đã chứng tỏ khả năng vượt trên những mốc chuẩn trong thị trường dự báo, vượt trên cả thông tin phân tích tình báo và truy cập tối mật. Họ được mệnh danh là những “siêu dự báo gia”.'),
(10, 'Blockchain Và Đầu Tư ICOs Căn Bản - Con Đường Tới Tự Do Tài Chính', 'Thanh Niên', 'David Nguyễn, Lưu Thế Lợi', '	01/04/2018', 6, 20000, 'blockchain__59310_thum_135.jpg', 9, 'Blockchain Và Đầu Tư ICOs Căn Bản - Con Đường Tới Tự Do Tài Chính\r\n\r\n    Hiện nay, thuật ngữ Blockchain đã trở thành từ khóa tìm kiếm phổ biến tại Việt Nam. Tuy nhiên hầu hết các tài liệu là nước ngoài và gây khó khăn cho độc giả trong việc tiếp cận. Vì sự phát triển của Blockchain Việt Nam và với mục tiêu chia sẻ kiến thức với cộng đồng, trang bị kiến thức cho các nhà đầu tư trẻ trong thị trường tiền tệ số, Satoshi Hunters And Rocking Experts phối hợp với Nhà xuất bản Thanh Niên xuất bản cuốn sách mang tên “Blockchain và đầu tư ICOs căn bản”.\r\n\r\nNội dung sách gồm 3 phần với 25 chương.\r\n\r\n- Phần 1: Blockchain\r\n\r\n- Phần 2: ICO\r\n\r\n- Phần 3: Trade the fucking coin\r\n\r\nHiện nay, thuật ngữ Blockchain đã trở thành từ khóa tìm kiếm phổ biến tại Việt Nam. Tuy nhiên hầu hết các tài liệu là nước ngoài và gây khó khăn cho độc giả trong việc tiếp cận. Vì sự phát triển của Blockchain Việt Nam và với mục tiêu chia sẻ kiến thức với cộng đồng, trang bị kiến thức cho các nhà đầu tư trẻ trong thị trường tiền tệ số, Satoshi Hunters And Rocking Experts phối hợp với Nhà xuất bản Thanh Niên xuất bản cuốn sách mang tên “Blockchain và đầu tư ICOs căn bản”.\r\n\r\nNội dung sách gồm 3 phần với 25 chương.\r\n\r\n- Phần 1: Blockchain\r\n\r\n- Phần 2: ICO\r\n\r\n- Phần 3: Trade the fucking coin'),
(11, 'Rừng Mưa - Bí Mật Để Xây Dựng Thung Lũng Silicon Tiếp Theo', 'Dtbooks', 'Greg Horowitt - Victor W. Hwang', '	12/12/2017', 6, 119000, 'rung-mua__39786_thum_135.jpg', 12, 'Rừng Mưa - Bí Mật Để Xây Dựng Thung Lũng Silicon Tiếp Theo\r\n\r\nĐiều gì khiến Thung lũng Silicon hoạt động hiệu quả?\r\n\r\nChúng ta có thể hình thành nên những Thung lũng Silicon… ở một nơi khác được không?\r\n\r\nHãy cùng khám phá câu trả lời cho hai câu hỏi trên trong cuốn sách tiên phong này, với tác giả là những chuyên gia hàng đầu trong các lĩnh vực “đầu tư mạo hiểm” và “phát triển toàn cầu”. Victor W. Hwang và Greg Horowitt đã đưa ra một lý thuyết mới mẻ và cấp tiến để giải thích bản chất của các “hệ sinh thái cải tiến” (innovation ecosystem) - đó là những mạng lưới con người có khả năng sản sinh ra sức sáng tạo và hiệu suất cực kỳ lớn. Theo họ, tư duy về thị trường tự do đã không xét đến những ảnh hưởng của yếu tố con người lên quá trình cải tiến, cách tân. Công trình đầy tham vọng này thách thức những giả định cơ bản mà các nhà kinh tế đã sử dụng trong hơn một thế kỷ vừa qua.\r\n\r\n-------------\r\n\r\nGiải thưởng: Gold Medal prize for Business & Economics in the Foreword Reviews Book of the Year 2012 | Small Business Book Awards 2013 | Independent Publisher Book Awards, Finance/Investment/Economics 2013 (Bronze).\r\n\r\n------------\r\n\r\nLời khen tặng:\r\n\r\n“Tưởng là gieo hạt, hóa ra cái tôi trồng chỉ là cỏ dại! Cuốn sách này so sánh quá trình cải tiến với sự phát triển của sinh vật trong một khu rừng mưa nhiệt đới thực thụ. Từ thời cuốn sách Bionomicsđến giờ tôi mới được đọc một tác phẩm cách tân đến như vậy!” - Tim Draper, nhà sáng lập và Tổng Giám đốc của Draper Fisher Jurvetson Rainforest\r\n\r\n“Rừng Mưa là cuốn sách đầy đam mê, năng lượng và trí tuệ; đem lại sự hiểu biết hữu ích và lời khuyên thực tế cho những người làm chính sách, doanh nhân khởi nghiệp và nhà đầu tư mạo hiểm trên toàn thế giới.” - Richard Foster, cựu Giám đốc và Cộng sự cao cấp, McKinsey & Company.\r\n\r\n“Một tác phẩm được viết rất kỹ lưỡng, với phương pháp nghiên cứu mang tính chất thực nghiệm và đa ngành.” - Giáo sư Ronald Coase, Nobel Kinh tế, Đại học Chicago.'),
(12, 'Khoảng Cách', 'Alphabooks', '	Marty Neumeier', '	01/10/2017', 6, 79000, 'khoang-cach__95017_thum_135.jpg', 12, 'Khoảng Cách\r\n\r\nĐưa ý tưởng thiết kế thương hiệu tiệm cận chiến lược kinh doanh\r\n\r\nNhững nguyên tắc chung nhằm khuyến nghị nhà quản trị thương hiệu nên xem xét trước khi đưa ra các quyết định, đó là: Khác biệt, Cộng tác, Đổi mới,Công nhận…\r\n\r\nKhoảng Cách\r\n\r\nĐưa ý tưởng thiết kế thương hiệu tiệm cận chiến lược kinh doanh\r\n\r\nNhững nguyên tắc chung nhằm khuyến nghị nhà quản trị thương hiệu nên xem xét trước khi đưa ra các quyết định, đó là: Khác biệt, Cộng tác, Đổi mới,Công nhận…\r\n\r\nTrong sự phát triển mạnh mẽ của các trường phái, quan điểm và tư duy về quản trị thương hiệu, nổi bật lên là các quan điểm được thể hiện trong bộ sách của Marty Neumeier – Chủ tịch của Neutron LLC, San Francisco. Bộ sách không chỉ được xếp thứ hạng cao trong Tủ sách Thương hiệu Quốc gia; mà còn được giới kinh doanh toàn cầu ví như bộ công cụ phục vụ đắc lực cho việc hoạch định và thực thi chiến lược thương hiệu.\r\n\r\nBộ sách gồm 4 cuốn:\r\n\r\nĐột phá\r\n\r\nĐảo ngược\r\n\r\nKhoảng cách\r\n\r\nSáng tạo'),
(13, 'Chiến Tranh Tiền Tệ', 'Bách Việt', '	Song Hong Bing', '	24/07/2017', 6, 110000, 'chien-tranh-tien-te-2017__30429_thum_135.jpg', 4, 'Chiến Tranh Tiền Tệ\r\n\r\n“Chiến tranh tiền tệ” giúp chúng ta hiểu nhiều điều, rằng Bill Gates chưa phải là người giàu nhất hành tinh, rằng tỉ lệ tử vong của các tổng thống Mỹ lại cao hơn tỉ lệ tử trận của binh lính Mỹ ngoài chiến trường, hay vì sao phố Wall lại mạo hiểm đổ hết vốn liếng của mình cho việc “đầu tư” vào Hitler.\r\n\r\n“Chiến tranh tiền tệ” đề cập đến một cuộc chiến khốc liệt, không khoan nhượng và dai dẳng giữa một nhóm nhỏ các ông trùm tài chính - đứng đầu là gia tộc Rothschild - với các thể chế tài chính kinh tế của nhiều quốc gia. Đó là một cuộc chiến mà đồng tiền là súng đạn và mức sát thương thật là ghê gớm. Một cuốn sách thực sự làm sửng sốt với những ai muốn tìm hiểu về bản chất tiền tệ để từ đó nhận ra những hiểm hoạ tài chính tiềm ẩn nhằm chuẩn bị tâm lý\r\n\r\ncho một cuộc chiến tiền tệ “không đổ máu”.\r\n\r\nBên cạnh việc phơi bày những âm mưu của các nhà tài phiệt thế giới trong việc tạo ra những cơn “hạn hán” hay “bão lũ” về tiền tệ để thu lợi nhuận, cuốn sách cũng đề cập đến sự phát triển của các định chế tài chính thế giới - những cơ cấu được xây dựng nhằm đáp ứng nhu cầu phát triển vũ bão của nền kinh tế toàn cầu.'),
(14, '21 Chiến Lược Hàng Đầu Trong Marketing & Bán Hàng', 'Alphabooks', 'Nhiều tác giả', '01/03/2017', 6, 55000, '21-chien-luoc-marketing-hang-dau__74151_thum_135.jpg', 3, '21 Chiến Lược Hàng Đầu Trong Marketing & Bán Hàng\r\n\r\nNhằm giúp độc giả trong giải quyết và xử lý các tình huống kinh doanh, nhóm tác giả giới thiệu 21 chiến lược mô phỏng tổng quát các vấn đề gặp phải và ứng xử của CEO trong hoạt động marketing & bán hàng để chèo lái con tàu doanh nghiệp đi đến thành công. Các chiến lược có tính chất minh họa và liên hệ tới thực tế diễn ra trên nhiều lĩnh vực trong sản xuất kinh doanh, bao gồm:\r\n\r\n6 chiến lược quản trị thương hiệu;\r\n\r\n4 chiến lược sản phẩm;\r\n\r\n3 chiến lược giá;\r\n\r\n4 chiến lược kênh phân phối;\r\n\r\n4 chiến lược kinh doanh khác.\r\n\r\nMỗi phần sẽ bắt đầu với mục:\r\n\r\n- Tình huống được minh họa bằng một câu chuyện thực tế và sinh động – bài toán mà CEO phải đối mặt, câu hỏi hóc búa cần được trả lời. Những tình huống đặt ra bao quát toàn diện các vấn đề liên quan đến marketing và bán hàng, từ quản trị thương hiệu, sản phẩm, giá cả, kênh phân phối cho đến các vấn đề khác.\r\n\r\n- Phần Nhận diện vấn đề theo sau được trình bày ngắn gọn nhằm xác định rõ trọng tâm vấn đề cần giải quyết, giúp CEO “khoanh vùng” chính xác nhiệm vụ cần làm.\r\n\r\n- Phần Chỉ dẫn mang đến những gợi ý lý thuyết nền tảng nhất xung quanh vấn đề cần giải quyết. Đây là bước trang bị kiến thức chuyên môn thiết thực, gắn liền với tình huống đã nêu, đồng thời “dọn đường” cho những phân tích cặn kẽ ở phần sau. Tuy nhiên, khác với các cuốn sách dành riêng cho người làm marketing, những người làm cuốn sách này đã cố gắng trình bày biển kiến thức mênh mông trong lĩnh vực marketing và bán hàng theo hướng súc tích nhất, đi thẳng vào vấn đề, qua đó giúp người lãnh đạo có thể thu nhận lượng thông tin tối ưu một cách nhanh chóng.\r\n\r\n- Phần Gợi ý từ chuyên gia chiến lược sẽ chia sẻ cách giải quyết vấn đề từ góc nhìn của các chuyên gia marketing sành sỏi với những phân tích sắc sảo, theo đó từng khía cạnh cần đặt lên bàn cân đều được nêu rõ, giúp người lãnh đạo linh hoạt vận dụng vào trường hợp cụ thể của mình.\r\n\r\nMột cách tổng quan, bố cục bốn-bước ở từng phần này mô phỏng quá trình ra quyết định một cách khoa học và hợp lý, từ nhận diện vấn đề cho tới thu thập thông tin, phân tích tình huống và đưa ra giải pháp.'),
(15, 'Thay Đổi Tư Duy Trong Bán Lẻ', 'Nhã Nam', 'Toshifumi Suzuki', '01/09/2017', 6, 63000, 'thay-doi-tu-duy-trong-ban-le__54702_thum_135.jpg', 7, 'Thay Đổi Tư Duy Trong Bán Lẻ\n\nNhững triết lý đơn giản mà thấu suốt được Toshifumi Suzuki đưa ra trong cuốn sách này không chỉ đắc dụng với độc giả quan tâm đến lĩnh vực bán lẻ nói riêng mà còn là việc kinh doanh nói chung. “Từ bỏ tư duy thông thường”, “cấm sử dụng kinh nghiệm quá khứ”, “tiêu thụ chính là tâm lý”, và bài học căn bản “ứng biến với sự thay đổi”chính là những bản sắc của 7-Eleven.\n\nToshifumi Suzuki đã chứng nghiệm được rằng, từ những thay đổi không ngừng trong xã hội và đời sống con người, chúng ta có thể giải mã “tương lai của hành vi tiêu dùng”, và chỉ khi giải mã được tương lai đó, người cung cấp mới có thể đáp ứng tối đa được cho người dùng. Vì vậy, “triệt để đáp ứng với mọi sự thay đổi” đã trở thành kim chỉ nam của tập đoàn, đưa  7-Eleven vượt qua bao thay đổi của thời cuộc và trở thành một “đế chế bán lẻ” ngày nay.'),
(17, 'Bí Quyết Của Các Tỷ Phú Tư Thân Lập Nghiệp', 'Alphabooks', 'John Sviokla, Mitch Cohen', '01/07/2017', 6, 95000, 'ti-phu-tu-than__71423_thum_135.jpg', 21, 'Bí Quyết Của Các Tỷ Phú Tư Thân Lập Nghiệp\r\n\r\nBí Quyết Của Các Tỷ Phú Tư Thân Lập Nghiệp là công trình do hai tác giả John Sviokla và Mitch Cohen thực hiện nhằm giải đáp cho những thắc mắc liên quan đến những tên tuổi đã tạo ra những thương hiệu, sản phẩm mà hầu hết chúng ta đều tin dùng ngày nay. Ở họ có tố chất gì đặc biệt? Điều gì giúp họ tạo ra giá trị lớn lao đến vậy? Công ty họ từng làm việc sẽ ra sao nếu họ vẫn tiếp tục ở lại?\r\n\r\nTheo John Sviokla và Mitch Cohen, những cá nhân này mang tư duy của Nhà sản xuất thay vì Người triển khai. Họ không nhất thiết phải có năng lực chuyên môn cao, mà có tầm nhìn cùng khả năng tích hợp những giá trị, phương hướng hành động đối lập. Thông qua việc tìm hiểu hành trình kiến tạo của các tỷ phú tự thân, hai tác giả này đã chỉ ra và phân tích năm đặc trưng thường thấy ở họ như Trí tưởng tượng đồng cảm, Sự khẩn trương nhẫn nại, Điều hành sáng tạo, Cái nhìn tương đối về rủi ro và Lãnh đạo bằng cách hợp tác.\r\n\r\nQua đó, cuốn sách cung cấp những bài học bổ ích, cách thức chuyển dịch cán cân nhân tài trong tổ chức, nhằm giúp doanh nghiệp nhận ra những Nhà sản xuất tiềm năng để bồi dưỡng và tạo điều kiện cho họ thực hiện ý tưởng của mình.'),
(18, 'Bàn Tay Cho Em', 'Nhã Nam', '	Ichikawa Takuji', '	30/08/2018', 10, 76000, 'ban-tay-cho-em.jpg', 6, 'Bàn Tay Cho Em\r\n\r\nHiro và Satomi, hai đứa trẻ tự chơi và chăm sóc nhau trong căn hộ tập thể nghèo khi mẹ chúng đi làm cả ngày.\r\n\r\nMaho, cô gái 24 tuổi hay ốm, đầy tự ti sợ hãi bỗng gặp hai bố con Yasuo mang tâm hồn bị tổn thương, xa lánh người đời. Takayuki và Hatsue đều là trẻ bị cha mẹ bỏ rơi, sống với người bác Kanichi trong một khi nhà cổ lỗ như thể đã bị thế giới lãng quên.\r\n\r\nGom ba câu chuyện về những con người yếu đuối, khó hòa nhập. Bàn Tay Cho Em là bức tranh về những kẻ không sao thích nghi với guồng sống hiện đại hối hả.. Trên cả tình yêu nam nữ, các nhân vật gắn kết bởi tình thân thiết ruột thịt tựa gia đình, như thể người nay sinh ra để dành cho người kia. Sức mạnh tình cảm ấy lấp đầy thiếu khuyết trong tâm hồn, và họ được ở bên nhau, \"như những vì sao\".\r\n\r\nTác phẩm của Ichikawa Takuji, vì thế, chính là câu chuyện về thế giới nơi những con người bé nhỏ co cụm tìm đến với nhau để sẻ chia chút hơi ấm và lòng can đảm để bước tiếp.\r\n\r\n\"Tình yêu là trong lòng luôn cầu mong cho người đó được sống.\r\n\r\nNhưng không chỉ có vậy. Tình yêu còn là sức mạnh làm hồi sinh chính bản thân mình.\"'),
(19, 'Bức Ảnh Dài Nhất Thế Giới', 'Mintbooks', '	Tetsuya Honda', '	07/08/2018', 10, 70000, 'buc-anh-dai-nhat-the-gioi.jpg', 0, 'Bức Ảnh Dài Nhất Thế Giới\r\n\r\nHơn 100.000 cuốn sách đã đến tay độc giả tại Nhật Bản.\r\n\r\nBộ phim chuyển thể đã được công chiếu tại Nhật vào ngày 23 tháng 6 mùa hè năm nay.\r\n\r\nKhông phải là một câu chuyện phi thường với những kỳ tích!\r\n\r\nTác phẩm với cách viết, nội dung, chủ đề, mạch truyện hoàn toàn mới lạ đến từ tác giả của những giải thưởng: Tetsuya Honda.\r\n\r\nMột câu chuyện đơn giản và dung dị về tình bạn, về tình cảm gia đình và về những đam mê ẩn sâu.\r\n\r\n“Bức ảnh dài nhất thế giới” được chụp bằng một sự mơ hồ mà cũng đủ rõ nét, Tetsuya Honda đã lưu lại thành công những cảm xúc của tuổi mười lăm đầy chơi vơi qua những trang viết đầy sự tâm huyết và thấu hiểu.\r\n\r\nChàng trai Hironobu sau khi người bạn thân chuyển đi, cuộc sống vốn đã không có điểm nhấn, cũng không có mục đích, nay lại càng trở nên nhàm chán và mờ nhạt hơn. Tham gia vào tất cả các câu lạc bộ của trường để giết thời gian, nhưng chẳng việc nào làm ra hồn. Không ước mơ, không mục đích sống, tuổi trẻ cứ thế bị giấu đi dưới những cảm xúc tiêu cực buồn bã. Thế rồi một ngày, Hironobu gặp được những người bạn khiến cậu có đủ dũng khí bước ra khỏi “vòng an toàn” đến tẻ nhạt của mình.\r\n\r\nKhông chỉ riêng với Hironobu, Tetsuya Honda cũng tài tình vẽ nên một Acchan đầy cá tính, Miyoshi tham vọng hay mối tính đầu của mọi chàng trai: Anduo Erika. Tất cả tạo nên một bức tranh sinh động, họ góp mặt  vào cuộc sống đầy tĩnh lặng của Hironobu và đặt vào đó một dấu chấm than đầy sự phá cách.\r\n\r\nĐiểm nhấn của cuốn sách chính là khi Hironobu tìm ra Mamiya Vĩ Đại. Chiếc máy ảnh có thể chụp được “bức ảnh dài nhất thế giới”. 360 độ x 13 vòng xoay! Mamiya Vĩ Đại vừa là chất xúc tác giúp cho nhân vật chính thật sự thoát ra khỏi chiếc vỏ kén của bản thân, hướng ánh mắt ra bên ngoài thế giới, bắt đầu gặp gỡ những con người kiệt xuất và đầy cảm hứng, và cũng từ đó, câu chuyện vang lên như một bản nhạc tươi vui đầy sống động.\r\n\r\nBức ảnh dài nhất thế giới, không đơn giản chỉ là một kiệt tác, mà còn là sự tươi sáng tựa như ánh nắng hè rực rỡ chiếu lên tất cả nhân vật trong cuốn sách, cũng là một niềm mới mẻ, vượt xa cả tầm nhìn của đôi mắt, chạm tới tâm hồn của Hironobu.\r\n\r\n \r\n\r\nSự loay hoay bí bách của tuổi 15 khi chưa thể tìm ra điều mình cần, điều mình mơ.\r\n\r\nSự sợ hãi trong trái tim khi bỗng nhiên phải lên tiếng nói ra điều mình suy nghĩ, sợ hãi những phán xét bằng ánh mắt và lời nói của mọi người xung quanh.\r\n\r\nTetsuya Honda đã bằng chính sự trải nghiệm, ân cần và mơ màng của mình để thể hiện sự thông cảm với những cảm xúc non trẻ ấy.\r\n\r\nSau tất cả những cuộc gặp gỡ với bạn bè, gia đình, với những nhân vật kiệt xuất, với thế giới mới mẻ ngoài kia và đặc biệt là với Mamiya Vĩ Đại,  Hironobu bắt đầu tìm thấy bản chất thực sự của con người mình.\r\n\r\nKết thúc câu chuyện, không chỉ Hironobu, Acchan, Miyoshi, mà cả Tetsuya Honda muốn truyền tải một thông điệp hết sức ý nghĩa:\r\n\r\n“Hỡi những người trẻ đang mải mê tìm kiếm bản thân mình. Hãy ngầng cao mặt, quan sát mọi người và quan sát thế giới. Hãy gặp gỡ thật nhiều. Vì so với tưởng tượng của các bạn, thì điều đó tuyệt vời hơn nhiều'),
(20, 'CÚ SĂN ĐÊM', 'Nhã Nam', '	Samuel Bjork', '	01/12/2018', 10, 100000, 'cu-san-dem.jpg', 11, 'CÚ SĂN ĐÊM\r\n\r\nTháng Mười.\r\n\r\nMùa đông đến sớm như tấm mạng sương giá xám xịt phủ lên cả thành phố, và lên tấm thân lõa thể của cô gái mười bảy tuổi bị sát hại trong một nghi lễ kỳ dị vương đầy lông vũ. Một lần nữa, chỉ huy đội trọng án Holger Munch và nữ đồng nghiệp Mia Krüger dấn thân vào cuộc truy đuổi, đào sâu vào những bí mật ẩn giấu của một thành phố tưởng như êm đềm, đến với những tâm hồn tổn thương bị quên lãng, để rồi đưa sự nghiệp và thậm chí cả đời mình vào cuộc chơi của tên sát nhân bệnh hoạn.\r\n\r\nCú săn đêm, tập tiếp theo trong series truyện về Holger Munch và Mia Krüger của Samuel Bjørk tiếp tục đưa độc giả đến với vùng đất Bắc Âu lạnh giá ẩn chứa nhiều bí mật rợn người.\r\n\r\n“Những tình tiết của Cú săn đêm không những thu hút, mà còn phức tạp như một ma trận, với vô vàn sự kiện xoay vần phi phường, khiến chúng ta không thể rời mắt cho tới tận phút cuối.”\r\n\r\n- Crime Scene Magazine'),
(21, 'Đảo Quỷ', 'Nhật Hướng', '	Edogawa Ranpo', '	01/08/2018', 10, 56000, 'dao-quy.jpg', 4, 'Đảo Quỷ\r\n\r\nTác phẩm truyện dài được đánh giá là hay nhất của “Ông tổ trinh thám Nhật Bản” Edogawa Ranpo, lần đầu tiên được dịch và xuất bản tại Việt Nam.\r\n\r\nĐã được chuyển thể thành rất nhiều phiên bản truyện tranh, kịch sân khấu, CD Drama…\r\n\r\nPhiên bản tiếng Việt đầy đủ nhất, không cắt gọt, kèm thêm nhiều phụ lục để giải thích rõ hơn cả về bối cảnh thời đại lẫn ý nghĩa của câu chuyện.\r\n\r\nMinh họa bìa sách đến từ đại thần Togai Jun của Guilt|Pleasure.\r\n\r\nNhững tưởng từ đây sẽ được nắm tay người thương chìm trong chốn phù vân màu hồng mãi mãi, thì oan nghiệt bỗng chốc đổ ập lên đầu Minoura khiến cậu trở tay chẳng kịp: Vợ chưa cưới bị sát hại một cách oan khuất và bí ẩn, tháng ngày bằng lặng phút chốc vụt xa đến không ngờ.\r\n\r\nMinoura chính thức dấn bước trên hành trình đi tìm công lý cho người dấu yêu, mà đâu ngờ cái giá đánh đổi lại quá lớn, và tất thảy chỉ là mở đầu cho một âm mưu tàn độc vượt quá sức tưởng tượng. Từng sự kiện kinh hoàng nối tiếp dập dồn, những nhân vật dị hình dị dạng ám ảnh tựa bóng ma, người bạn cũ bấy lâu thầm ôm mối tương tư khác lạ… Mọi thứ xoáy tròn thành cơn lốc vằn vện trên nền không khí ngột ngạt, đen tối, bủa vây cắn nuốt cả kiếp người.\r\n\r\nNhân gian đâu là ta, đâu là quỷ, phút chốc đã chẳng thể phân.\r\n\r\nGiật mình nhìn lại, quỷ đã ở ngay sát bên ta rồi.'),
(23, 'Kẻ Đoạt Hồn', 'Bách Việt', '	Sebastian Fitzek', '	01/12/2018', 10, 100000, 'ke-doat-hon.jpg', 45, 'Kẻ Đoạt Hồn\r\n\r\nCuốn sách nói về: Một ông giáo sư mời các sinh viên của ông tham gia một thí nghiệm khác thường. Những người tham gia thí nghiệm cần phải đọc một tập hồ sơ bệnh án mà người ta tìm thấy trong số đồ vật còn để lại của một bác sĩ tâm lý. Tập hồ sơ bệnh án này được viết giống như một quyển tiểu thuyết, thuật lại sự việc đã xảy ra tại một bệnh viện tâm thần trước đây, cũng là nơi mà các sinh viên phải ngồi đọc.\r\n\r\nCâu chuyện thuật về ba người phụ nữ – trẻ trung, xinh đẹp, hoạt bát – mất tích không để lại một dấu vết. Chỉ một tuần là đủ để hung thủ biến họ thành những cái xác không hồn. Khi cảnh sát phát hiện ra thì họ nằm bất động, không có phản ứng lại với thế giới bên ngoài, nhưng vẫn không chết. Cũng vì vậy mà giới báo chí đã đặt cho hắn cái tên “Kẻ Đoạt Hồn”.\r\n\r\nNgay trước lễ Giáng Sinh, Kẻ Đoạt Hồn này lại xuất hiện, lần này thì ở trong một bệnh viện tâm thần tư nhân sang trọng. Toàn bộ bệnh viện bị cắt đứt với thế giới bên ngoài vì một cơn bão tuyết, và ở giữa họ là Kẻ Đoạt Hồn. Đêm kinh hoàng trong bệnh viện đã bắt đầu như vậy, và Kẻ Đoạt Hồn không cho bất cứ ai trốn thoát.\r\n\r\nĐây là một quyển nhiều thành công của Sebastian Fitzek. Đọc hết sức hồi hộp. Đọc đến chừng một nửa thì thật không muốn bỏ xuống. Cái tài của ông là để cho hiện thực với quá khứ hòa vào nhau, để cho người đọc có cảm giác như mình giống như những người sinh viên đang đọc tập hồ sơ bệnh án kinh hoàng đó.\r\n\r\nTác Giả: Sebastian Fitzek\r\n\r\nSebastian Fitzek, sinh năm 1971 ở Berlin, tiến sĩ luật về Quyền Tác giả, là một trong những nhà văn hình sự (thriller) nổi tiếng nhất ở Đức. Tác phẩm đầu tay của ông, “Die Therapie” (“Đảo Bí Ẩn” - NXB Tổng hợp TPHCM) năm 2006 đã đánh bật cuốn Mật mã Davinci khỏi vị trí số 1 trên bảng xếp hạng, nhanh chóng trở thành một quyển sách bán chạy.\r\n\r\nCho đến nay, Sebastian Fitzek đã cho ra đời hơn mười quyển tiểu thuyết, xuất bản tổng cộng gần bốn triệu bản, được dịch ra 25 thứ tiếng, toàn bộ đều là sách bán chạy, không thể không nhắc tới những cuốn sách làm nên tên tuổi của ông: Đảo trị liệu bí ẩn (Die Therapie, 2006), Amokspiel, 2007, Das Kind, 2008, Der Seelenbrecher, 2008 (Kẻ Đoạt Hồn)…\r\n\r\nBản quyền chuyển thể phim cho nhiều quyển tiểu thuyết cũng đã được ký kết. Chuyển thể phim ”Das Kind – Đứa Bé” đã được thực hiện với đội ngũ diễn viên quốc tế và ra đời khán giả năm 2012.'),
(24, 'Kẻ Tẩy Não', 'Hội Nhà Văn', '	Camilla Lackberg', '	15/01/2019', 10, 120000, 'ke-tay-nao.jpg', 1, 'Kẻ Tẩy Não\r\n\r\n\"Anh đột nhiên nhớ ra thế giới này nguy hiểm đến thế nào, và an người có thể độc ác, điên rồ đến thế nào. Làm sao anh có thể bảo vệ con anh khỏi tất cả những thứ đó?\" - Kẻ Tẩy Não\r\n\r\nNhận định sách Kẻ Tẩy Não:\r\n\r\nVề tác giả Kẻ Tẩy Não:\r\n\r\nTrích đoạn Kẻ Tẩy Não:\r\n\r\nMục lục sách Kẻ Tẩy Não:\r\n\r\nNhững gì mắt thấy tai nghe chưa chắc đã là sự thật.\r\n\r\nXác chết của một phụ nữ trẻ tuổi cùng hai bộ xương tình cờ được phát hiện tại một khu vực vốn biệt lập và nổi tiếng yên bình của Thụy Điển. Cả ba đều có những thương tích như nhau, đều bị hành hạ một cách có hệ thống suốt một thời gian dài trước khi bị giết chết. Vụ việc giống như quả bom làm đảo lộn hoàn toàn nhịp sống của mọi người. Những khách du lịch đang háo hức với kỳ nghỉ nhanh chóng rời, chính quyền địa phương đứng ngồi không yên…\r\n\r\nCâu chuyện mở ra những bí mật khủng khiếp ẩn sâu dưới vẻ bề ngoài tĩnh lặng của cộng đồng. Tất cả dẫn tới hậu duệ của một nhà truyền giáo đã qua đời - người đã truyền “khả năng chữa bệnh” của mình cho hai con trai. Được nhào nặn trong tay một nữ tác giả được coi là Agatha Christie của Thụy Điển cuốn sách trở nên một tiểu thuyết tâm lý tội phạm nổi bật, điên rồ và ám ảnh.\r\n\r\nNhận định sách Kẻ Tẩy Não:\r\n\r\n“Cốt truyện thông minh và khả năng khắc họa nội tâm nhân vật thật cá tính đã nâng Kẻ tẩy não lên trên tầm những cuốn tiểu thuyết trinh thám khác. - Washington Post\r\n\r\n“Bậc thầy trong sự kết hợp giữa nội tâm ấm áp và những kinh hoàng đổ máu.” - The Guardian\r\n\r\nVề tác giả Kẻ Tẩy Não:\r\n\r\nCamilla Lackberg là nữ tác giả sách trinh thám người Thụy Điển, sinh ngày 30/8/1974 tại Fjällbacka. Xuất thân là người học kinh tế, Camilla Lickberg đã có bước chuyển hướng ngoạn mục sang lãnh địa văn chương. Các tác phẩm của Lückberg đều được giới phê bình đánh giá cao. Bà đã giành được những giải thưởng danh giá như: giải Nhà văn của năm (2005), giải thưởng Văn học Thụy Điển (2006), giải thưởng lớn Văn học Trinh thám (2008).\r\n\r\nKẻ tẩy não (nguyên tác tiếng Thụy Điển: Predikanten) là tiểu thuyết tâm lý tội phạm Xuất bản năm 2004 và được Steven I. Murray dịch sang tiếng Anh năm 2009,\r\n\r\nSách cùng tác giả đã được Nhã Nam xuất bản: Công chúa băng\r\n\r\nTrích đoạn Kẻ Tẩy Não:\r\n\r\nNgày mới bắt đầu đầy hứa hẹn. Cậu bé dậy sớm hơn những người còn lại trong nhà, cố gắng mặc quần áo lặng lẽ hết mức có thế, rồi lẻn ra ngoài sao cho không ai chú ý. Cậu mang theo mũ hiệp sĩ và thanh kiếm gỗ, vừa hán hở vung vẩy thanh kiếm vừa chạy trăm mét từ nhà xuống đến cửa Khe Vua. Cậu dừng lại một lát và kinh ngạc nhìn vào cái khe hun hút giữa hai vách đá dựng đứng. Hai bên khe đá cách nhau khoảng hai mét và cao đến hơn chín mét vườn trên bầu trời vừa được mặt trời mùa hè chiếu sáng. Ba tảng đá lớn nêm chặt giữa khe, một cảnh tượng thật hùng vĩ. Nơi đây Có sức hút đầy ma lực đối với một cậu bé sáu tuổi. Việc Khe Vua là vùng đất cấm thực ra càng làm cho nơi đây hấp dẫn hơn.\r\n\r\nCái tên này có nguồn gốc từ khi Vua Oscar Đệ Nhị đến thăm Fjallbacka hồi cuối thế kỷ mười chín, nhưng cậu bé không biết và cũng không quan tâm tới điều đó khi rón rén bướC vào vùng tối, tay lăm lăm thanh kiếm sẵn sàng trong thế tấn công. Bố đã nói với cậu rằng những cảnh ở Rãnh Địa Ngục trong phim Ronja Rõoardotter đã được quay bên trong Khe Vua. Khi xem phim một mình, cậu thấy ngứa ngáy trong bụng lúc nhìn tướng cướp Mattis phóng qua. Đôi khi cậu cũng chơi trò lục lâm ở đây, nhưng hôm nay cậu là một hiệp sĩ. Một Hiệp sĩ Bàn Tròn, như trong cuốn sách to có tô màu mà bà ngoại đã tặng dịp sinh nhật cậu. [...]'),
(25, 'Lý Trí Và Tình Cảm', 'Nhã Nam', '	Jane Austen', '	30/08/2018', 10, 110000, 'li-tri-va-tinh-cam.jpg', 12, 'Lý Trí Và Tình Cảm\r\n \r\n\"Chúng ta chẳng có gì để cho nhau biết hết; với chị thì vì chị không thích nói chuyện, còn với em là vì em chẳng che giấu điều gì.\"\r\n\r\nHai chị em nhà Dashwood khác nhau như mặt trăng và mặt trời. Dịu êm và nóng bỏng. Chừng mực và đam mê. Họ trải qua tình yêu đầu với tâm thế trái ngược như thế, để rồi cuối cùng nhận ra: đừng quá tình cảm, cũng đừng quá lí trí, nếu muốn tìm hạnh phúc trong cái xã hội nơi địa vị và tiền bạc chi phối hoàn toàn các quy tắc của tình yêu.\r\n\r\nNhưng hơn cả những trải nghiệm tình yêu của hai cô gái trẻ, Lý Trí và Tình Cảm còn kể về cuộc hành trình tìm kiếm sự hòa hợp trong bản thân mỗi người, về khả năng chấp nhận sai lầm để lớn lên. Chính những điều đó, trong bối cảnh xã hội cuối thế kỉ 18 khắc họa tài tình dưới ngòi bút tinh tế sắc sảo và châm biếm quyển rũ của Jane Austen, đã khiến cuốn tiểu thuyết thoát khỏi cái ấn tượng truyện tình kết thúc có hậu lúc thoạt đầu, trở thành tác phẩm đầu tay có sức sống lạ thường đến hơn hai thế kỷ.\r\n\r\nNhận xét về Lý Trí Và Tình Cảm:\r\n\r\n\"Trí tuệ của Jane Austen sánh vai cùng gu thẩm mỹ hoàn hảo của bà.\" - Virgina Woolf\r\n\r\n\"Nơi sự châm biếm sâu cay và tài quan sát sắc sảo của Jane Austen tỏa sáng lấp lánh.\" - Amazon.com\r\n\r\nVề tác giả Lý Trí Và Tình Cảm:\r\n\r\nJane Austen là một trong những nữ văn sĩ nổi tiếng nhất và được yêu thích nhất nước Anh, với các cuốn tiểu thuyết kinh điển về giới địa chủ nhỏ ở Anh cuối thế kỷ 18. Cốt truyện của Austen chủ yếu khai thác sự phụ thuộc của phụ nữ vào hôn nhân để có địa vị xã hội thuận lợi và được đảm bảo về kinh tế. Tác phẩm của bà nằm trong bước chuyển tiếp từ những tiểu thuyết tình cảm phổ biến ở nửa sau thế kỳ 18 sang chủ nghĩa hiện thực trong văn học thế kỷ 19'),
(27, 'Nghiệt Tử', 'NXB Phụ Nữ', '	Bạch Tiên Dũng', '	01/02/2019', 10, 150000, 'nghiet-tu.jpg', 4, 'Nghiệt Tử\r\n\r\nTác phẩm kể về một cộng đồng người đồng tính nam, tụ tập và hoạt động một cách âm thầm trong công viên Mới Đài Bắc, với bối cảnh là Đài Loan vào thập kỷ 80. Nhân vật chính là những người vừa chớm bước vào tuổi thanh niên, bị đuổi khỏi gia đình, sống lang thang hè phố, mỗi người mang theo một câu chuyện buồn thảm về thân thế và cuộc đời.\r\n\r\n\"Viết cho những đứa trẻ, trong những đêm đen thẳm sâu, thẳm sâu nhất, một mình bơ vơ ngoài phố, không một chốn về\"\r\n\r\n“Mỗi một tình tiết… đều hoàn mỹ đến mức như thể đã đem vô số đau thương nghiền vỡ thành những vụn vàng. Nghiệt tử giống như một vở ca kịch Baroque, mỹ hoá bóng đêm, treo một vầng trăng đỏ bầm lơ lửng trên bầu không đen kịt như than ướt. Bộ mặt bị che giấu của màn đêm thành phố, dưới ngòi bút của Bạch Tiên Dũng, đã được tái hiện một cách hoàn mỹ lạ lùng, khiến người ta như quên bẵng mất trên thế gian này vẫn còn có bình minh.”\r\n\r\nHugo Marsan  - nhà phê bình văn học Pháp'),
(28, 'Anh Ấy Đã Không Nắm Tay Tôi', 'NXB Phụ Nữ', '	Hiên', '	01/10/2017', 8, 45000, 'Anh_ay_da_khong_nam_tay_toi.jpg', 0, 'Anh Ấy Đã Không Nắm Tay Tôi\r\n\r\nCuốn sách dành cho những ngày, phải lòng một người đã có trong tim một người khác…\r\n\r\nTrên đời này không có cái gì gọi là duy nhất. Chỉ có thể trách mình không phải là người cuối cùng trong đời họ mà thôi.\r\n\r\nĐôi khi, tình yêu có những nghịch lý mà không ai có thể giải thích được: Khi ai đó vứt bỏ, ta lại cố sức chạy theo lượm nhặt những mảnh vụn để cố ghép thành một bức tranh hạnh phúc. Nhưng càng ghép thì chỉ làm tổn thương thêm lòng tự trọng của mình.\r\n\r\nVà người ta cũng vẫn hay nói: “Bạn có thể sống suốt đời với một nỗi buồn chứ có khi nào sống suốt đời với một niềm vui đâu”. Niềm vui đến nhanh và cũng trôi đi chóng vánh lắm, duy chỉ có nỗi buồn làm cho ta dằn vặt, đớn đau.\r\n\r\nAnh ấy đã không nắm tay tôi mang một nỗi buồn vảng vất của những mối tình dở dang như thế:\r\n\r\nĐó là những dòng nhớ thương da diết của mối tình đầu chẳng kịp đặt tên.\r\n\r\nLà câu chuyện một cô gái ngốc nghếch cứ mãi đợi một người đã rời bỏ mình ra đi mãi mãi.\r\n\r\nLà chuyện anh chồng dù có hẹn với bạn nhậu vẫn không quên chạy qua nhà cắm giúp vợ nồi cơm trước giờ tan tầm.\r\n\r\nLà chuyện mẹ kể về bố với vô vàn những điều vô lý trên đời. Ấy vậy mà với mẹ, nó lại trở thành những điều có lý và đáng yêu vô cùng.\r\n\r\nVà trong mỗi giai đoạn của cuộc đời, chúng ta rồi sẽ gặp nhiều người, đối mặt với nhiều thứ. Có thể sẽ cùng nhau sánh bước nhưng có ai chắc rằng sẽ là mãi mãi?\r\n\r\nChỉ là khi tìm được người đúng nhất, cùng nhau trải qua muôn bậc cảm xúc, đủ loại gian khổ trên đời ta mới biết quý trọng mà cố gắng, mới biết đâu là một nửa đích thực của đời mình.\r\n\r\nAnh ấy đã không nắm tay tôi, và sẽ còn một bàn tay khác đứng đợi.\r\n\r\nBởi cuộc sống này đâu chỉ có những nỗi buồn. Ngoài kia mặt trời vẫn chiếu những tia nắng mới. Ngoài kia, chim vẫn hót véo von cho một ngày nắng đẹp. Ngoài kia, có nhiều con đường để lựa chọn, nhiều niềm vui để tận hưởng hết. Và ngoài kia, cuộc đời vẫn đang gọi bằng những tiếng gọi yêu thương...\r\n\r\nNhớ nhé cô gái, sống trọn cho mình từng phút giây mình đang có để còn thấy đời tươi đẹp lắm, đáng tận hưởng lắm.\r\n\r\nVà hãy tin rằng mọi chuyện sẽ ổn, sẽ kết thúc tốt đẹp. Nếu nó chưa tốt đẹp thì đó vẫn chưa phải là kết thúc.\r\n\r\nBởi yêu thương là một hành trình, dù đích đến là gì thì nó vẫn là một hành trình đáng nhớ. Chuyện chia tay cũng chỉ là biến cố nhỏ trong vô vàn những điều vạn biến trong cuộc đời này mà thôi.'),
(29, 'Bồ Công Anh Bất Tử', 'Văn học', 'Chi Chan', '24/11/2015', 8, 76000, 'bo-cong-anh-bat-tu.jpg', 1, 'Bồ Công Anh Bất Tử\n\n“Đây là một cuốn sách thuộc thể loại tiểu thuyết giả tưởng!”\n\nBồ công anh bất tử là câu chuyện tình yêu của 3 nhân vật:\n\nSara - Một cô gái kì lạ, kiêu hãnh và đa tính cách - Một Nữ Hoàng cô đơn và khinh ghét con người! Liệu trên con đường dài tới vô cực lạnh lẽo, trái tim cô độc ấy có thể một lần rung động, một lần hiểu nghĩa yêu thương, một lần yêu tình yêu của loài người?\n\n\"Sao ngươi dám chạm bàn tay nhơ bẩn ấy vào ta? Con người các ngươi là loài ích kỉ, toan tính, hạ đẳng và tầm thường nhất trên thế gian!\"\n\nShin - Nam sinh của học viện Across, một chàng trai trải đời và bất cần. 10  năm  trước đã si mê một cô gái khi tình cờ gặp ở đồng bồ công anh. 10 năm sau gặp lại, cậu vẫn bị vẻ đẹp ấy hút hồn.\n\n\"Tôi yêu em ngay từ giây phút đầu tiên nhìn thấy. 10 năm quá dài để tôi kiếm tìm. Giờ khi đã tìm thấy em, em là nàng công chúa ngạo mạn hay loài ác quỷ đội lốt thiên thần, điều đó không quan trọng nữa! Quan trọng là ta có thể bên nhau bao lâu.\"\n\nZan - Một chàng trai lạnh, hung bạo và cộc cằn - Một tên vệ sĩ chấp nhận đánh đổi tất cả chỉ để bảo vệ Nữ Hoàng, một kẻ luôn trao đi mà không cầu nhận lại, một kẻ si tình, yêu bằng trái tim!\n\n“Nếu được chọn lựa lại, tôi vẫn muốn yêu em bằng tình yêu của loài người!”\n\nSống trên đời liệu có hạnh phúc khi bất tử? Con người liệu có sống đúng nghĩa nếu trái tim không biết yêu thương? Thế giới tưởng tượng đầy kì bí, ma mị này sẽ giải đáp cho các bạn! Sẽ ra sao nếu cuộc đời vô hạn mà lại không tồn tại tình yêu...'),
(30, 'Chuyện Về Những Người Cô Đơn', 'Văn học', '	Hạ Vũ', '	01/01/2018', 8, 63000, 'chuyen-ve-nhung-nguoi-co-don.jpg', 1, 'Chuyện Về Những Người Cô Đơn\r\n\r\n\"Cứ mở lòng với một người, bước vào một cuộc tình là xảy ra chuyện. Dù biết rằng không hạnh phúc nào dễ có, không bình yên nào là êm đềm, chẳng đánh đổi bao xót xa, nhưng dù họ có đánh đổi, cố gắng thế nào thì kết cục vẫn là sự chia ly và trở về với sự cô đơn. Thật đáng buồn! Vậy nên câu chuyện về những người cô đơn sẽ còn nữa… Vì trên thế giới này có rất nhiều những người cô đơn…\"'),
(31, 'Đời Về Cơ Bản Là Buồn Cười', 'Hội Nhà Văn', 'Lê Bích', '12/08/2015', 8, 40000, 'doi-ve-co-ban-la-buon-cuoi.jpg', 6, 'Đời Về Cơ Bản Là Buồn Cười\n\nĐọc fanpage Lê Bích mới thấy rằng ở đất nước nhỏ bé này, ở đây, ở đó, ở trên mạng, trên phố, bên cạnh những tin tức xấu, những lời than vãn thì đâu đâu cũng có sự khôi hài.\n\nĐiều thú vị hơn nữa, những câu chuyện vui hàng ngày này được kể lại bởi những người trẻ - những người đã chọn cách ứng xử hài hước nhẹ nhàng và lạc quan để lấp đầy các ổ gà họ gặp trên đời.\n\nHoạ sĩ biếm hoạ Lý Trực Dũng đã rất tinh tế khi nhận xét rằng tranh biếm hoạ của nhóm Lê Bích Bụng Phệ nhìn thoáng qua tưởng là một tiếng cười vu vơ, nhưng \"thực sự họ có chính kiến của riêng họ\". Tiếng cười của Lê Bích mỉa mai nhưng không cay độc. Lê Bích châm biếm nhẹ nhàng những tính xấu của chính mình - một cư dân mạng điển hình - khiến độc giả bật cười, để rồi phải dừng lại suy nghĩ: suy nghĩ về tính a dua theo phong trào, hay hô khẩu hiệu nhưng ít hành động, \"trên thông thiên văn, dưới tường địa lý, tam giáo, cửu lưu, tứ thư, ngũ kinh, tinh thần yêu nước trung trinh, đạo đức lung linh, phong tục, luật lệ, bản quyền, Horoscope, vật lý lượng tử\" cái gì cũng tưởng là mình biết, sự trì hoãn, tính chây lười...\n\nNgay đầu năm mới, Lê Bích nhắn độc giả \"dành một phút mặc niệm cho những dự định giảm cân, ngủ sớm, dậy sớm, bỏ thuốc lá, đọc sách, học ngoại ngữ... đã mất từ đầu năm 2015 đến nay\". Buổi sáng, Lê Bích nhắc mỗi người \"kiểm tra nhanh email, trả lời nhanh Facebook, xem qua báo chí, lướt Instagram, tumblr để nạp cảm hứng, bắt tay vào một ngày mới đầy hiệu quả...\" để bắt đầu bữa ăn trưa... Nhóm Lê Bích có chia sẻ rằng \"tôn chỉ hoạt động\" của họ là không bao giờ xúc phạm ai, tiếng cười mỉa mai của họ luôn dành cho chính bản thân họ trước. Có phải vì thế mà các bạn trẻ tìm thấy ở đây một sự thấu hiểu thân thiện hơn, nhưng đồng thời cũng sâu sắc hơn?\n\nKhông chỉ là tiếng cười, rất thường xuyên khi xem tranh Lê Bích, người đọc có thể tìm được những lời khích lệ, động viên rất dễ thương, tràn đầy tinh thần lạc quan và tích cực. Lê Bích rất chịu khó trích dẫn thơ của những tác giả mà họ cho là hay, với sự nhiệt tình thường gặp của tuổi trẻ: ở một bức vẽ, người ta thấy Lê Bích đỏ mặt ngượng nghịu chia sẻ về một ngày bình thường lành mạnh: \"Tối mười giờ đi ngủ/Sáng sớm chạy mấy vòng/Về nhà tắm nước lạnh/Thôi nghĩ điều viển vông\" (thơ của Lu), ở một bức vẽ khác, Lê Bích chổng mông lau nhà để xua tan nỗi buồn một cách rất... đẹp lòng các bà mẹ: \"Mỗi khi lòng mệt mỏi/Là tôi lại lau nhà/Lau qua rồi lau lại/Buồn theo mồ hôi ra\" (thơ Nguyễn Thế Hoàng Linh).  Lê Bích ít đề cập tới chuyện chính trị, chuyện xã hội, tới những vấn đề nóng bỏng xảy ra trên bản tin hàng ngày, có lẽ vì nhóm muốn hướng tới những câu chuyện vừa gần gũi hơn, vừa rộng rãi hơn giữa người với người.  Có lẽ những chuyện thời sự rồi cũng sẽ qua đi rất nhanh, giống như ngón tay cư dân mạng một ngày nào đó còn thơm mùi biển Đông, ngày sau nữa đã tươi màu Võ Tắc Thiên. Có lẽ những gì còn đọng lại sẽ là một tiếng cười trẻ trung, trong trẻo, giúp người đọc tìm được một sự thăng bằng, lạc quan và dễ chịu để đời sống không chỉ đẹp mà còn vui vẻ.'),
(32, 'Góc Khuất Đàn Bà', 'Hà Nội', '	Huyền Trang Bất Hối', '	28/03/2017', 8, 72000, 'goc-khuat-dan-ba.jpg', 1, 'Góc Khuất Đàn Bà\r\n\r\nNhững người xuất hiện trong Góc khuất đàn bà, liệu ai là người hạnh phúc nhất, hoặc liệu những người đàn bà trong cuốn sách này, ai là người đau khổ nhất?\r\n\r\nSinh ra là đàn bà, là phụ nữ, từ những tháng ngày tuổi trẻ vô lo, rồi đến khi trưởng thành mang trong lòng bao nghĩ suy hay đến khi trở thành một người đàn bà thuần thục lại đem trong mình là hàng trăm những âu lo dang dở. Từ một bí mật nhỏ nhoi, dần dần lại trở thành một góc khuất sâu thẳm.\r\n\r\nTừ một giọt nước mắt, lại trở thành một nỗi khổ triền miên.\r\n\r\nSau cùng, trong “Góc khuất” của đàn bà, bao nhiêu là đau khổ do đàn ông tạo ra, hay là do tự mình tạo nên, ai biết?\r\n\r\nRốt cuộc, là đàn ông phụ họ, hay họ phụ chính mình?'),
(33, 'Hãy Nghe Em Nói', 'NXB Phụ Nữ', 'Gari', '01/10/2018', 8, 65000, 'hay-nghe-em-noi.jpg', 1, 'Hãy Nghe Em Nói\n\n“Đừng để im lặng trở thành khoảng cách trong tình yêu”\n\nAnh có biết,  thứ gì đáng sợ nhất trong tình yêu không, không phải là những cãi vã, giận hờn, mà là những ngày mình chẳng còn biết nói gì với nhau. Sự im lặng của một mối quan hệ, dần dần sẽ trở thành thứ giết chết đi tình yêu này.\n\nAnh thử tưởng tượng mà xem, nếu có một ngày nào đó, chúng ta đều im lặng, không còn trò chuyện nhiều như trước, không còn nhớ nhau nhiều như xưa, thì tình cảm sẽ duy trì được đến bao giờ, hay cũng sẽ kết thúc trong lặng im như thế…\n\nCó lẽ anh, hay em đều nên hiểu một điều, trong tình yêu khi mà hai người còn to tiếng, còn đối thoại, còn xin lỗi, là còn yêu, một khi tất cả những lời nói đó chỉ còn biểu thị bằng sự im lặng tàn nhẫn thì thực sự tình yêu ấy đã làm tổn thương cả hai rất nhiều thậm chí có thể khiến cả hai rời xa nhau. Vậy nên, sự im lặng trong tình yêu ấy, em hi vọng chúng  ta sẽ không bao giờ dùng nó để làm đau nhau… Em hi vọng thay vì sự trầm mặc đáng sợ ấy, anh “hãy nghe em nói”, hãy cùng em nhìn lại những cố gắng mà cả hai đã cùng xây dựng để thêm trân trọng và giữ gìn tình yêu này.\n\n“Hãy nghe em nói” là câu chuyện kể về những con người vì mất đi sự thấu hiểu mà bỏ lỡ người quan trọng nhất trong cuộc đời mình.\n\nChỉ vì không thể lắng nghe, mà Mạc và Phương vô tình bỏ lỡ nhau trong một cuộc tình đáng lẽ ra đã rất đẹp. Chỉ vì không thể lắng nghe mà cả hai phải chịu những nỗi đau không đáng có. Chỉ vì không thể lắng nghe nhau mà chúng ta buộc phải xa nhau, dẫu còn thương rất nhiều.\n\nChẳng mối quan hệ nào có thể bền vững khi người ta không chịu ngồi xuống, lắng nghe và thấu hiểu cho nhau.\n\nThế nên, mong rằng “Hãy nghe em nói” sẽ giúp bạn biết chia sẻ và cảm thông hơn cho một nửa yêu thương của mình, giữ được những điều quan trọng nhất và hơn hết là học được cách lắng nghe trái tim của đối phương cũng như chính mình !'),
(34, 'Hôm Nay Tôi Thất Tình', 'Hà Nội', '	Hạ Vũ', '	01/01/2017', 8, 68000, 'hom-nay-toi-that-tinh.jpg', 2, 'Hôm Nay Tôi Thất Tình\r\n\r\nMuốn vượt qua nỗi đau thất tình ư, dễ lắm...\r\n\r\nĐôi khi vẫn nghĩ, sao cứ phải ôm mãi một bó củi khô khi phía trước là rừng rậm, phải tiếc một gáo nước đã đổ đi khi suối nguồn đang ở phía trước?\r\n\r\nThất tình, một điều có thể làm bất kì ai sợ hãi. Tình yêu bỏ rơi, buồn thật đấy!\r\n\r\nDuyên số đôi khi cũng buồn cười lắm, cho người ta gặp nhau rồi cuối cùng cũng chẳng thể cùng bước đến tận cuối con đường. Hai người hai hướng, chỉ còn con tim đang ngẩn ngơ vì tình.\r\n\r\nLà do người đánh mất hay vì người chưa từng có. Người tự yêu, tự an ủi trong mối tình vốn đã sớm nhận ra chẳng thể thành đôi. Người làm bộ như không sao cả, thời gian tự trôi rồi mọi thứ sẽ ổn. Nhưng hai chữ thất tình vẫn như giọt buồn tràn ly, ghim chặt thành sự ám ảnh.\r\n\r\nNgười mượn tình cảm để chôn vùi tình cũ, mượn một tấm thân xa lạ để xoa dịu cơn đau, nuôi mộng bóng hình xưa sẽ tàn phai theo năm tháng. Rồi người nhận ra mình vừa vô trách nhiệm với mình,  lại đang gieo cả sự bất hạnh cho kẻ khác.\r\n\r\nThất tình là thế đó, đủ câu chuyện với nhiều nỗi niềm mông lung. Nhẹ nhàng với những áng văn chương truyền cảm, Hôm nay tôi thất tình cùng Hạ Vũ nói hộ tấm chân tình da diết của biết bao kẻ đang cô đơn. Viết cho những ngày người uống thật say để không còn thương nữa. Người chỉ muốn ôm mặt mà bật khóc để vơi đi cái nhói đau đang quặn thắt trong lòng. Ngày qua ngày trôi đều như thế, kẻ đi rồi có biết được đâu.\r\n\r\nHôm nay tôi thất tình, là cuốn nhật kí ghi lại những dấu ấn của tình yêu tuổi trẻ. Nơi cất lại những bức họa buồn được người tô vẽ trong vội vàng. Người muốn vượt qua nỗi buồn hãy cứ bình tĩnh, Xa người đó rồi, nhất định sẽ gặp được một kẻ tốt hơn. Ông trời sắp đặt cả rồi, không cần gấp. Người hãy như Hạ Vũ, cứ im lặng, đi xem phim, đi shopping, đi ăn, đi chơi với bạn bè, chăm chỉ lên lớp, chăm chỉ đi làm... Từng bị tổn thương một lần rồi, đừng dùng những hành vi ngây thơ trẻ con làm tổn thương chính mình để trả thù hay trút hết cảm xúc. Có thù hận nặng nề tới mấy kẻ đã bỏ buông cũng chẳng quay lại.\r\n\r\nĐó vượt qua thất tình không khó phải không? Hôm nay tôi thất tình, thở dài một cái, thả cảm xúc vào khoảng không, nhìn đời nhất có thể và người có thể thanh thản, dũng cảm đi tiếp đươc rồi.\r\n\r\n'),
(35, 'Nắng', 'Hà Nội', '	Nguyễn Bảo Trung', '	01/04/2018', 8, 21000, 'nang.jpg', 3, 'Nắng\r\n\r\nNắng là tập tản văn với những câu chuyện nhỏ rất bình dị và đời thường từ những nhân vật gần gũi xung quanh ta. Tập tản văn với giọng văn nhẹ nhàng bình dị mà thấm đẫm triết lý, giàu lòng nhân ái.\r\n\r\nNgỡ ngàng mình gặp lại mình\r\n\r\nMấy phen chìm nổi phù sinh cuộc đời\r\n\r\nĐi về mưa nắng chơi vơi\r\n\r\nNào hay năm tháng lặng trôi qua thềm.'),
(36, 'Nhà Nàng Ở Cạnh Nhà Tôi', 'Văn học', '	LiNi Thông Minh', '01/08/2016', 8, 71000, 'nha-nang-o-canh-nha-toi.jpg', 11, 'Nhà Nàng Ở Cạnh Nhà Tôi\n\nMột câu chuyện viết theo dạng tâm sự và nhật ký của một anh chàng mới lớn nên mang lời kể ngô nghê, thật thà và hài ước. Nhưng cũng chính vì thế mà tác phẩm được người đọc đón nhận dễ dàng và coi nó như một liều thuốc xả stress không mang nặng tính văn học và bỏ qua những quy tắc nghiêm khắc của văn chương.\n\nKhi gấp những trang cuối cùng lại, bạn sẽ hiểu tại sao cuốn sách này - chỉ đơn giản là câu chuyện của một cậu chàng thanh niên ngồi viết nhật ký vì say đắm một mối tình, với lối kể chuyện tung hứng dí dỏm và rực rỡ sắc màu cảm xúc đã khiến cho bao người truy lùng và cuồng nhiệt những năm tháng qua.\n\nMột cuốn sách giản đơn nhưng đủ để chúng ta biết rằng, mỗi cuộc tình đều là một câu chuyện kể, mỗi người tình đều là một món quà...\n\n\"Có con mèo thầm thương chiếc lá\n\nChẳng màng đến cá, mặc cuộn len\n\nTình yêu là thế thôi em nhỉ?\n\nChỉ cần người ấy, chẳng cần gì...\"'),
(37, 'Thất Tình Không Sao', 'Hội Nhà Văn', 'Nguyễn Ngọc Thạch', '	26/08/2017', 8, 80000, 'that-tinh-khong-sao.jpg', 16, 'Thất Tình Không Sao\r\n\r\nSự trở lại của Nguyễn Ngọc Thạch với làng sách sau hai năm vắng bóng vì đau khổ do thất tình.\r\n\r\nKhác với những tác phẩm trước đây, thường mang màu sắc gai góc, u ám khi nói về phận người phận đời, những nỗi cô đơn đặc quánh khiến người ta nghẹt thở,“Thất tình không sao” là này được viết với tâm thế khác, của một người trưởng thành, tập trung cho công việc và tạo ra những điều tích cực thay vì chỉ ngồi than vãn về nỗi buồn chán trong tình yêu.\r\n\r\nCâu chuyện thất tình của mỗi người vô cùng đa dạng, cứ mỗi người tình đi qua người ta lại thêm một trải nghiệm. Đối diện với nỗi đau đó lại càng muôn màu muôn vẻ hơn.\r\n\r\nCó người đớn đau vật vã, có kẻ bình tĩnh khác thường, có người nhấp chén tiêu sầu càng sầu thêm. Có người chọn cách đi du lịch, rời khỏi mảnh đất tang thương lòng người trắc trở, xong hết tiền rồi quay về thấy mảnh đất đó còn tang thương hơn.\r\n\r\nBằng kinh nghiệm của mười năm tình trường, đã từng yêu, được yêu lẫn bị yêu, từng phản bội và bị phản bội, Thạch ghi lại câu bí quyết để người ta tụng niệm mỗi khi lòng đớn đau tình ái.\r\n\r\n- “Thất nghiệp mới chết,Thất tình không sao…”\r\n\r\nĐọc xong cuốn sách, chỉ mong những ai đang đớn đau sẽ đứng dậy, mạnh mẽ lên, xinh đẹp hơn rồi bước đi tiếp, vì vốn dĩ đời còn dài, trai gái còn đầy, đừng vì một cành cây mà bỏ qua khu rừng xanh mát.'),
(38, '101 Bộ Phim Việt Nam Hay Nhất', 'Thế Giới', '	Nhã Nam', '	01/10/2018', 2, 200000, '101-bo-phim-viet-nam-hay-nhat.jpg', 56, '101 Bộ Phim Việt Nam Hay Nhất\r\n\r\nCó một câu đầu lưỡi của không ít người Việt, trong đó có những người mang học vấn cao và gu văn hóa trên trung bình: “Phim Việt Nam là tôi không xem”. Một câu nói nghe hùng hồn. Song, nghĩ kỹ, đó là một thái độ nông cạn và thô bạo chẳng khác gì “hễ đã đi tù một lần thì không bao giờ là người lương thiện”.\r\n\r\nNhững bộ phim Việt Nam đặc sắc nhất - phần lớn được nhắc tên trong cuốn sách này - là những giá trị tinh thần, những cái đẹp mà một số người Việt, bất chấp những khó khăn và câu thúc của hoàn cảnh khách quan, đã có thể làm ra, với toàn bộ tâm huyết và lòng dũng cảm.\r\n\r\nHiểu và yêu phim Việt cũng giống như hiểu và yêu một người không phải vì người đó vốn dĩ đã hoàn hảo, mà vì người đó đã nỗ lực đạt gần tới chỗ hoàn hảo trong khả năng có thể, và mang tiềm năng cho sự hoàn hảo trong tương lai.'),
(39, 'Xã Hội Việt Nam', 'Nhã Nam', '	Lương Đức Thiệp', '	06/09/2018', 2, 71000, 'xa-hoi-viet-nam.jpg', 3, 'Xã Hội Việt Nam\r\n\r\nTrải qua mấy nghìn năm lịch sử với bao cuộc hỗn dung về chủng tộc và văn hóa, hẳn không người Việt Nam nàokhông khỏi băn khoăn về cốt tính của dân tộc mình.Mong muốn thỏa đáp mối băn khoăn đó, Xã hội Việt Nam của Lương Đức Thiệp đã ra đời và trở thành một trong số những công trình uy tín khai mở cho ngành Việt học hiện đại.\r\n\r\nRa đời năm 1944, cuốn sách của Lương Đức Thiệp hấp dẫn bạn đọc trước hết ở lối khảo tả đặc biệt kỹ lưỡng những biểu hiện sinh động củaxã hội Việt Nam nửa đầu thế kỷ XX còn bảo lưu nhiều giá trị truyền thống. Đi sâu mô tả đời sống kinh tế, chính trị, các phong tục tập quán, tín ngưỡng, các hoạt động văn hóa vật chất và tinh thần của người Việt, tác giả đã khám phá nên cái cơ tầng bản địa và đặc sắc của xã hội Việt Nam giữa bao nhiêu ảnh hưởng ngoại lai.Nhưng xã hội đó không đông cứng mà hiện lên trong cuộc biến thiên của lịch sử Việt Nam, và nhờ thế, tác giả cuốn sách đã khơi mở cho người đọc thấy được phần nào “cái quá trình phát triển biện chứng sau này” của dân tộc.\r\n\r\nLương Đức Thiệp, và Xã hội Việt Nam, sau một thời dan dài vắng bóng, đã trở lại trong cuộc kiếm tìm bản sắc dân tộc của người Việt hôm nay, thấu đáo và đáng tin cậy.');
INSERT INTO `products` (`id`, `title`, `publisher_name`, `author_name`, `publish_year`, `category_id`, `price`, `picture`, `num_existed`, `description`) VALUES
(40, 'Gạc Ma Vòng Tròn Bất Tử', 'First News - Trí Việt', '	Nhiều tác giả', '	01/07/2018', 2, 26000, 'gac-ma-vong-tron-bat-tu.jpg', 2, 'Cuốn sách Gạc Ma - Vòng tròn bất tử \r\n\r\n Sau 4 năm thực hiện, do Thiếu tướng Lê Mã Lương chủ biên, đã qua hội đồng thẩm định cấp nhà nước, do Ban Tuyên giáo Trung Ương, Nhà xuất bản Văn Học thực hiện. Là nén tâm hương của thế hệ hôm nay tưởng nhớ đến các anh, những người con của đất mẹ Việt Nam đã hy sinh không tiếc thân mình để bảo vệ chủ quyền biển đảo của dân tộc. Những người chiến sĩ Hải quân Việt Nam trong nỗ lực tuyệt vọng giữa làn đạn pháo dồn dập, xối xả của quân thù đã cùng nắm tay nhau kết thành một vòng tròn quyết tâm bảo vệ lá cờ đỏ sao vàng thiêng liêng của Tổ quốc. Thiếu úy Trần Văn Phương trước khi hy sinh đã hô to: “Thà hy sinh quyết không để mất đảo”. Vòng tròn bất tử đó đã trở thành huyền thoại và mãi mãi là một mốc son bi tráng trong lịch sử giữ nước của dân tộc Việt Nam” - TS. Nguyễn Anh Vũ, Giám đốc, - Tổng biên tập Nhà xuất bản Văn học.\r\n\r\nTrong hai năm 1987, 1988, quân xâm chiếm đã huy động hàng chục tàu chiến, trang bị nhiều loại vũ khí hiện đại hoạt động với tần suất cao trên Biển Đông và đổ quân chiếm đóng các đảo đá Chữ Thập, Châu Viên, Ga Ven, Tư Nghĩa,... thuộc quần đảo Trường Sa của Việt Nam. Đỉnh điểm là trận tấn công cụm đảo Gạc Ma, Cô Lin, Len Đao ngày 14 tháng 3 năm 1988, bắn cháy ba tàu vận tải, thảm sát sáu mươi bốn chiến sĩ Hải quân Việt Nam đang làm nhiệm vụ xây dựng và bảo vệ chủ quyền tại đảo Gạc Ma thuộc quần đảo Trường Sa của Việt Nam. Trong trận chiến không cân sức đó, các chiến sĩ Hải quân Việt Nam đã dũng cảm, kiên cường kết thành vòng tròn bất tử, hiên ngang trước họng súng quân thù, chấp nhận hy sinh thân mình để khẳng định chủ quyền biển đảo thiêng liêng của Tổ quốc.\r\n\r\nNhằm giúp bạn đọc hiểu rõ hơn, đồng thời, tôn vinh và trân trọng ghi ơn những cán bộ, chiến sĩ Hải quân Nhân dân Việt Nam anh hùng đã dũng cảm chiến đấu, anh dũng hy sinh bảo vệ chủ quyền biển đảo thiêng liêng của Tổ quốc, First News - Trí Việt nhiều năm liền đã tổ chức biên soạn, xuất bản cuốn sách Gạc Ma - Vòng tròn bất tử với hy vọng tái hiện lại khoảnh khắc bi hùng ở cụm đảo Gạc Ma, Cô Lin, Len Đao sáng 14 tháng 3 năm 1988.\r\n\r\nĐể thực hiện cuốn sách này, First News - Trí Việt đã tìm cách liên lạc và tổ chức nhiều chuyến đi về các địa phương gặp gỡ các nhân chứng lịch sử trở về từ Gạc Ma, thân nhân các gia đình liệt sĩ để thu thập tư liệu, hình ảnh và ghi chép lại những ký ức bi tráng, từ đó phác thảo nên bức tranh Gạc Ma - Vòng tròn bất tử.\r\n\r\nThiếu tướng Lê Mã Lương, Anh hùng LLVTND - Ủy viên Đoàn Chủ tịch Ủy ban TƯ MTTQ Việt Nam. Nguyên Giám đốc Bảo tàng Lịch sử Quân sự Việt Nam xúc động chia sẻ: “Cuốn sách lịch sử Gạc Ma - Vòng tròn bất tử do tập thể First News – Trí Việt tâm huyết thực hiện tôn vinh sáu mươi bốn người anh hùng đã thầm lặng hy sinh mạng sống vì chủ quyền biển đảo thân yêu của Tổ quốc có ý nghĩa quan trọng trong giai đoạn hết sức đặc biệt này.Tôi trân trọng giới thiệu với bạn đọc cuốn sách đặc biệt này, coi đây là nén tâm hương của chúng ta tỏ lòng tri ân đối với sáu mươi bốn chiến sĩ Hải quân, những người con trung - hiếu của dân tộc Việt Nam”.\r\n\r\nThay lời kết Gạc Ma – Vòng tròn bất tử - pho sử liệu về lòng yêu nước Nhà sử học Dương Trung Quốc viết: “Gạc Ma - Vòng tròn bất tử - một cuốn sách mà khi khép lại, có người đọc nào không cảm thấy những dòng chữ in trên giấy dường như đã hóa đá - như khi đứng trước một tấm bia trao truyền lại cho muôn đời sau”.'),
(41, 'Lược Sử Khoa Học', 'Nhã Nam', '	William Bynum', '	01/12/2018', 2, 78000, 'luoc-su-khoa-hoc.jpg', 2, 'Lược Sử Khoa Học\r\n\r\nLược Sử Khoa Học - Thông qua những chương sách nhỏ xinh nói về kính viễn vọng, các chất khí, động cơ, quỹ đạo của các hành tinh, tế bào, từ tính, trôi dạt lục địa..., cuốn sách đã bao quát lịch sử khoa học từ thiên văn của người Babylon đến Dự án Bản đồ gien người và hạt Higgs. Tác giả đặc biệt hứng thú với lịch sử y học (lĩnh vực chính của ông) và thể hiện một khiếu hài hước tuyệt vời xuyên suốt cuốn sách.\r\n\r\nClick để xem nhanh giới thiệu sách:\r\n\r\n•           Nội dung Lược Sử Khoa Học\r\n\r\n•           Tác giả William Bynum\r\n\r\n•           Mục lục\r\n\r\nNội dung Lược Sử Khoa Học\r\n\r\nCuộc sống hiện đại với vô vàn sự vật hết sức quen thuộc mà mỗi khi dừng lại để nghĩ về chúng, con người không khỏi ngạc nhiên và thán phục trí tuệ siêu phàm của các bậc tiền nhân hàng nghìn năm qua: những con số mà chúng ta viết, những máy vi tính cá nhân mà chúng ta sử dụng, gần gũi hơn nữa là cấu tạo và chức năng của các cơ quan trong cơ thể người. Những sự thật như Trái Đất quay quanh Mặt Trời hay lực hút khiến mọi vật trên Trái Đất rơi xuống theo chiều thẳng đứng cũng đã trải qua một lịch sử gian nan mới được phổ biến như ngày nay.\r\n\r\nHãy đọc cuốn sách này để thấy những điều hiển nhiên ngày nay hóa ra cũng không hiển nhiên như thế nếu không có công sức của các nhà khoa học không ngừng khám phá và thế giới vẫn còn rất nhiều điều kỳ thú đang chờ đợi chúng ta.\r\n\r\nTác giả William Bynum\r\n\r\nWilliam Bynum là giáo sư danh dự đã nghỉ hưu thuộc Bộ môn Lịch sử 7 khoa tại University College, London. Ông đã biên tập cho tạp chí Medical History từ năm 1980 đến năm 2001 và chuyên viết về các khía cạnh của lịch sử y học cũng như khoa học cơ bản.'),
(42, 'Sử Việt – 12 Khúc Tráng Ca', 'Hội Nhà Văn', '	Dũng Phan', '01/07/2017', 2, 32000, 'su-viet-12-khuc-trang-ca.jpg', 7, 'Sử Việt – 12 Khúc Tráng Ca\r\n\r\nTác phẩm “Sử Việt - 12 khúc tráng ca” kể về 12 câu chuyện dựng nước và giữ nước thời phong kiến, được chọn lọc theo tính chất quan trọng và hùng tráng trong dòng chảy lịch sử Việt Nam. Cuốn sách là sự kết hợp của những tư liệu lịch sử đã được kiểm chứng, xen kẽ với nhận định và đánh giá của người biên soạn. Tác phẩm kể lại các câu chuyện Sử Việt đầy hấp dẫn bằng một cách tiếp cận hoàn toàn mới, không phải như tiểu thuyết dã sử, nhưng cũng không phải là một tài liệu chuyên khảo khô khan.\r\n\r\nĐây là cuốn sách dành cho tất cả mọi thế hệ. Bởi chỉ cần là người Việt Nam, thì đều có thể tìm kiếm được trong đây tình yêu với sử nhà bởi tính chất hấp dẫn, bi hùng và những bài học của tiền nhân để lại thông qua những câu chuyện đặc sắc.\r\n\r\nKhông chỉ đưa người đọc đến với những vị anh hùng như Lý Thường Kiệt, Trần Hưng Đạo… cuốn sách còn đến với những nhân vật quan trọng chưa được đánh giá đúng mực (Khúc Hạo), hay những địa danh bị bụi phủ mờ (thành Bình Lỗ, đầm Thị Nại), càng không chỉ nói sơ qua chiến tích ở Bạch Đằng, mà còn giúp hiểu thêm kĩ thuật đóng cọc trên sông. Bên cạnh giải đáp chuyện bí ẩn Quang Trung hành quân thần tốc, còn lý giải vì sao lãnh thổ dân tộc có diện mạo hình chữ S như ngày hôm nay.\r\n\r\n“Sử Việt – 12 khúc tráng ca” hệt như một cuốn phim li kì, với hàng loạt câu hỏi về các nghi án lịch sử, những tranh đoạt hoàng quyền trong các triều đại phong kiến Việt Nam. Cuốn sách như một bản nhạc, khi thì dồn dập, khi thì bi ai, khi thì hùng tráng, khi thì trầm mặc. Những câu chuyện trập trùng xen kẽ như các khúc ca thăng trầm của dân tộc Việt Nam.'),
(43, 'Bàn Về Văn Minh', 'Hội Nhà Văn', '	Dũng Phan', '	01/07/2017', 2, 300000, 'ban-ve-van-minh.jpg', 12, 'Sử Việt – 12 Khúc Tráng Ca\r\n\r\nTác phẩm “Sử Việt - 12 khúc tráng ca” kể về 12 câu chuyện dựng nước và giữ nước thời phong kiến, được chọn lọc theo tính chất quan trọng và hùng tráng trong dòng chảy lịch sử Việt Nam. Cuốn sách là sự kết hợp của những tư liệu lịch sử đã được kiểm chứng, xen kẽ với nhận định và đánh giá của người biên soạn. Tác phẩm kể lại các câu chuyện Sử Việt đầy hấp dẫn bằng một cách tiếp cận hoàn toàn mới, không phải như tiểu thuyết dã sử, nhưng cũng không phải là một tài liệu chuyên khảo khô khan.\r\n\r\nĐây là cuốn sách dành cho tất cả mọi thế hệ. Bởi chỉ cần là người Việt Nam, thì đều có thể tìm kiếm được trong đây tình yêu với sử nhà bởi tính chất hấp dẫn, bi hùng và những bài học của tiền nhân để lại thông qua những câu chuyện đặc sắc.\r\n\r\nKhông chỉ đưa người đọc đến với những vị anh hùng như Lý Thường Kiệt, Trần Hưng Đạo… cuốn sách còn đến với những nhân vật quan trọng chưa được đánh giá đúng mực (Khúc Hạo), hay những địa danh bị bụi phủ mờ (thành Bình Lỗ, đầm Thị Nại), càng không chỉ nói sơ qua chiến tích ở Bạch Đằng, mà còn giúp hiểu thêm kĩ thuật đóng cọc trên sông. Bên cạnh giải đáp chuyện bí ẩn Quang Trung hành quân thần tốc, còn lý giải vì sao lãnh thổ dân tộc có diện mạo hình chữ S như ngày hôm nay.\r\n\r\n“Sử Việt – 12 khúc tráng ca” hệt như một cuốn phim li kì, với hàng loạt câu hỏi về các nghi án lịch sử, những tranh đoạt hoàng quyền trong các triều đại phong kiến Việt Nam. Cuốn sách như một bản nhạc, khi thì dồn dập, khi thì bi ai, khi thì hùng tráng, khi thì trầm mặc. Những câu chuyện trập trùng xen kẽ như các khúc ca thăng trầm của dân tộc Việt Nam.'),
(45, 'LƯỢC SỬ LOÀI NGƯỜI (TÁI BẢN)', 'Tri Thức', '	Yuval Noah Harari', '	01/09/2018', 2, 179000, 'luoc-su-loai-nguoi(taiban).jpg', 11, 'Sapiens: Lược Sử Loài Người (Tái Bản)\r\n\r\nSapiens, đưa chúng ta vào một chuyến đi kinh ngạc qua toàn bộ lịch sử loài người, từ những gốc rễ tiến hóa của nó đến thời đại của chủ nghĩa tư bản và kỹ thuật di truyền, để khám phá tại sao chúng ta đang trong những điều kiện sinh sống hiện tại.\r\n\r\nSapiens tập trung vào các quá trình quan trọng đã định hình loài người và thế giới quanh nó, chẳng hạn như sự ra đời của sản xuất nông nghiệp, việc tạo ra tiền, sự lan truyền của những tôn giáo, và sự nổi lên của những nhà nước quốc gia. Không giống như những quyển sách khác cùng loại, Sapiens đã có một lối tiếp cận liên ngành học, bắc cầu qua những khoảng cách giữa lịch sử, sinh học, triết học và kinh tế theo một lối trước đây chưa từng có. Hơn nữa, lấy cả quan điểm vĩ mô và vi mô, Sapiens không chỉ đề cập đến những gì đã xảy ra và tại sao, mà còn đi sâu vào việc những cá nhân trong lịch sử đó đã cảm nhận nó như thế nào.\r\n\r\nCâu hỏi lớn và sâu sắc của Harari là: chúng ta thực sự muốn gì? Có cách nào để đạt được hạnh phúc cho con người chúng ta, hoặc thậm chí liệu chúng ta có biết được nó là gì hay không? Trong cốt lõi của nó, Sapiens biện luận rằng chúng ta không biết về bản thân chúng ta, huống chi biết được những nhu cầu của những loài sinh vật khác. Chúng ta đã quá thường xuyên bị những tưởng tượng hư cấu của chúng ta lừa dối. Lịch sử cũng là một hư cấu, nhưng một hư cấu đã được kiềm chế bởi thực tại và biện luận: một hình thức của huyền thoại – một hư cấu hữu ích – khiến nó có thể mang lại sự giác ngộ của sự tự biết chính mình.\r\n\r\n“Tôi khuyến khích tất cả chúng ta, dẫu có những tin tưởng tín ngưỡng nào, để đặt câu hỏi về những thuật kể cơ bản về thế giới chúng ta, để nối những phát triển ngày xưa với những quan tâm ngày nay, và để không sợ hãi những vấn đề tranh luận” (Yuval Noah Harari)\r\n\r\nĐánh giá:\r\n\r\n“Sapiens tìm câu trả lời cho vấn đề lớn nhất của lịch sử cũng như của thế giới hiện đại, và nó được viết bằng một thứ ngôn ngữ tuyệt vời khiến người ta không thể quên được” – Jared Diamond, tác giả cuốn sách đoạt giải Pulitzer Súng, vi trùng và thép.\r\n\r\n\"Điểm độc đáo ở Harari là ông tập trung vào sức mạnh của câu chuyện và huyền thoại để đưa mọi người lại gần nhau ... Tôi muốn giới thiệu cuốn sách này cho bất cứ ai hứng thú quan tâm tới một cách nhìn đầy hấp dẫn và thú vị  về  lịch sử ban đầu của con người ... Harari kể về lịch sử loài người theo một cách dễ tiếp cận khiến bạn thật khó có thể đặt nó xuống\"\r\n\r\n- Bill Gates\r\n\r\n“Sapiens thuộc vào loại những cuốn sách có thể giúp dọn sạch tâm trí bạn. Tác giả của nó, Yuval Noah Harari, là một học giả người Israel trẻ tuổi và là một người làm xiếc tri thức điêu luyện với những bước nhảy logic khiến bạn phải thót tim trong ngưỡng mộ ... Ngòi bút của Harari tỏa phát sức mạnh và sự sáng rõ, làm cho thế giới trở nên kỳ lạ và mới mẻ \"\r\n\r\n- John Carey, The Sunday Times\r\n\r\nĐiều khiến cuốn sách trở nên sự thú vị và khiêu khích là bởi đây là một cuốn sử bao quát và súc tích; nó nói về một số điều cốt lõi đã cho phép chúng ta xây dựng nền văn minh phi thường mà chúng ta coi là nghiễm nhiên chứ không phải đã được quy định, và nó mang đến cho bạn một hình dung về việc quãng thời gian chúng ta đã xuất hiện trên trái đất này ngắn đến mức nào”\r\n\r\n- Barack Obama, CNN\r\n\r\nTÁC GIẢ : Yuval Noah Harari\r\n\r\nYuval Noah Harari, Sinh năm 1976\r\n\r\nLà nhà nghiên cứu lịch sử người Israel. Ông nhận bằng Tiến sĩ ở Đại học Oxford vào năm 2002, hiện là giảng viên Khoa Lịch sử, Đại học Hebrew ở Jerusalem. Ông chuyên nghiên cứu về lịch sử thế giới, lịch sử thời Trung cổ và lịch sử quân sự. Hiện nay, các nghiên cứu của ông hướng tới trả lời những câu hỏi lớn mang tính khái quát về quan hệ giữa lịch sử và sinh học. Các cuốn sách đã xuất bản của ông được đón nhận nồng nhiệt ở nhiều nước trên thế giới, tạo nhiều hứng thú cũng như tranh cãi.\r\n\r\nCuốn sách Sapiens đã được xuất bản bằng tiếng Do Thái vào năm 2011 và sau đó bằng tiếng Anh vào năm 2014; Nó đã được dịch sang hơn 30 ngôn ngữ khác. Ấn bản tiếng Hebrew đã trở thành cuốn sách bán chạy nhất ở Israel, và tạo ra nhiều sự quan tâm cả trong cộng đồng học thuật lẫn trong công chúng, đưa Harari thành một người nổi tiếng [9]. Các video clip về các bài giảng của Harari về lịch sử thế giới đã được hàng chục ngàn người Israel theo dõi.\r\n\r\nNgoài ra, một cuốn sách khác cũng rất nổi tiếng của Harari là: Homo Deus: A Brief History of Tomorrow (Homo Deus: Một lược sử về Ngày mai)'),
(46, 'Những Người Châu Âu Ở Nước An Nam', 'Thế Giới', '	Charles B. Maybon', '	01/12/2016', 2, 135000, 'nhung-nguoi-chau-au-o-nuoc-an-nam.jpg', 32, 'Những Người Châu Âu Ở Nước An Nam\r\n\r\nTrong kho tàng tư liệu phương Tây viết về lịch sử, văn hóa Việt Nam truyền thống, chúng ta có thể phân biệt nhiều thế hệ tác giả. Thế hệ thứ nhất là các nhà du hành, thương nhân, giáo sĩ phương Tây đã từng đến hai miền lãnh thổ Đại Việt (Đàng Ngoài và Đàng Trong) trong những thế kỷ XVII-XVIII như các tác giả A. de Rhodes, S. Baron, W. Dampier, C. Borri, P. Poivre, J. Barrow... Thế hệ thứ hai là các tác giả (chủ yếu là người Pháp) có thời gian sinh sống ở Việt Nam vào nửa sau thế kỷ XIX, trong và ngay sau cuộc xâm lược của Pháp, bao gồm các sĩ quan, phóng viên, quan chức cai trị như G. Aubaret, J. Boissière, Hocquard, J. Silvestre, Luro... Thuộc thế hệ thứ ba, ta có thể kể đến các cha cố, nhà giáo, nhà nghiên cứu, học giả đã từng làm việc ở thuộc địa Đông Dương những thập niên đầu thế kỷ XX như L. Cadière, G. Dumoutier, Pelliot, H. Maspéro, Ch.B. Maybon... Từ đó đến nay, còn tiếp nối những thế hệ thứ tư, thứ năm nữa...\r\n\r\nCh.B. Maybon, tác giả của những công trình được dịch ra ở đây, là một trong những nhà Việt Nam học người Pháp xuất sắc hồi đầu thế kỷ trước. Là giáo sư, tiến sĩ văn khoa, thông thạo nhiều ngoại ngữ (Anh, Đức, Hán, Latinh..)., ông được đánh giá như một gương mặt học giả thực sự uyên bác và nghiêm túc về lịch sử Việt Nam thời kỳ tiền thực dân. Ông là tác giả của nhiều tiểu luận và công trình nghiên cứu nổi tiếng như Une factorerie anglaise au Tonkin au XVII siècle - BEFEO, 1910 (Thương điếm Anh ở Đàng Ngoài thế kỷ XVII); Marchands européens en Cochinchine et au Tonkin - R.I.1916 (Các thương nhân người Âu ở Đàng Trong và Đàng Ngoài); Au sujet de la rivière du Tonkin - 1916 (Về vấn đề sông Đàng Ngoài); Histoire moderne du pays d’Annam - Paris, 1920 (Lịch sử cận đại xứ An Nam)...\r\n\r\nCuốn sách Những người châu Âu ở nước An Nam là bản dịch hai chương II và IV cùng có nhan đề Les européens en pays d’Annam của cuốn Histoire moderne du pays d’Annam và tiểu luận Une factorerie anglaise au Tonkin au XVII siècle vừa nói bên trên.\r\n\r\nTrong hai chuyên luận Những người châu Âu ở nước An Nam và Thương điếm Anh ở Đàng Ngoài, Ch.B. Maybon đã dựng lên một toàn cảnh về sự có mặt và hoạt động của các giáo sĩ và thương nhân phương Tây ở An Nam trong hai thế kỷ XVII và XVIII. Riêng chuyên luận thứ hai đi sâu khai thác và phân tích những tư liệu lưu trữ viết về Công ty Đông Ấn Anh và thương điếm Anh ở Phố Hiến, sau chuyển đến Kẻ Chợ, trong ba thập kỷ cuối thế kỷ XVII.\r\n\r\nĐây là thời kỳ mà hai xứ Đàng Ngoài và Đàng Trong của Đại Việt đã có những tiếp xúc, đụng độ đầu tiên về kinh tế và văn hóa với các nước tư bản phương Tây. Các sử sách Việt Nam cung cấp cho chúng ta rất ít tư liệu về vấn đề này, may mắn là nó đã được bù đắp lại bằng những nguồn tư liệu phương Tây phong phú. Tổng hợp những tư liệu đó, tác giả đã phân tích những bối cảnh và sự chuyển biến của lịch sử thế giới, tình hình các nước Tây Âu, khu vực Đông Á và Đông Nam Á, Đàng Ngoài dưới quyền vua Lê chúa Trịnh và Đàng Trong dưới quyền các chúa Nguyễn, làm nền tảng cho những chính sách và những mối quan hệ về chính trị, thương mại, tôn giáo giữa phương Tây và Đại Việt, qua các phái bộ và các cuộc tiếp xúc, thương lượng ngoại giao, những chuyến đi của các tàu buôn, hoạt động truyền giáo của các giáo sĩ, công việc buôn bán của các thương điếm ngoại quốc với nhà nước phong kiến và dân chúng. Tác giả cũng đi sâu miêu tả những tình tiết, những liên minh và mâu thuẫn trong nội bộ những hoạt động đó, những tranh chấp, xung đột gay gắt giữa các nhóm thế lực: về tôn giáo là giữa các giáo đoàn dòng Tên (Jésuites) do Bồ Đào Nha bảo trợ và Hội truyền giáo ngoại quốc được triều đình Pháp ủng hộ, về lợi ích là giữa các Công ty Đông Ấn hoặc nhóm thương nhân người Bồ Đào Nha, Hà Lan, Anh, Pháp... Đồng thời là những động cơ, toan tính, kế hoạch, kể cả những thủ đoạn, âm mưu hiểm độc để loại trừ nhau giữa các cá nhân có chức quyền, ảnh hưởng trong cùng một địa phận, một tổ chức, giữa những chức sắc giáo hội cùng là tín đồ xả thân vì Chúa, hoặc những thủ trưởng, quan chức cùng phục vụ cho lợi ích dân tộc của một quốc gia thực dân.\r\n\r\nCũng qua những chứng cứ lịch sử, chúng ta hiểu biết rõ hơn chính sách đối ngoại về kinh tế và tôn giáo đối với các nước phương Tây của các chúa Trịnh, chúa Nguyễn, sự chuyển biến có thể giải thích được từ một thái độ cởi mở, khoan dung đến những biện pháp bài ngoại khắt khe, cấm đoán và khủng bố của chính quyền phong kiến Đại Việt. Tác giả còn đưa ra những sử liệu nói lên tính toán vụ lợi và có khi là thái độ áp đặt trịch thượng của một số quan chức người phương Tây trong những cuộc giao thiệp, thương thuyết với nhà cầm quyền bản xứ, ở một mặt khác, là những thói sách nhiễu, tệ hà lạm tham nhũng của những quan chức Việt Nam, nhất là bộ phận quan lại ngạch hải quan có nhiệm vụ giao thiệp, khám xét và đánh thuế các tàu buôn nước ngoài.\r\n\r\nĐiều đáng quý ở Ch.B. Maybon là tính trung thực, khách quan của một trí thức có nhân cách độc lập, thoát khỏi sự ràng buộc của những định kiến về chủng tộc, chính trị hoặc tôn giáo, tín ngưỡng. Là người Pháp chính cống, nhưng ông không bênh vực cho chủ nghĩa thực dân như một số tác giả khác cùng thời đã làm. Là người yêu Việt Nam, nhưng ông cũng không ngần ngại vạch ra những thói hư tật xấu của giới quan liêu và cơ chế phiền hà của bộ máy chính quyền phong kiến. Ngòi bút của ông trầm tĩnh nhưng không lạnh lùng, để cho những sự kiện lịch sử tự nó nói lên, không áp đặt suy diễn, đây đó được điểm xuyết bằng một vài lời bình súc tích, ngắn gọn, nhưng không kém phần sắc sảo, hóm hỉnh.\r\n\r\nTác giả chứng minh cho chúng ta thấy quan hệ phức tạp rắc rối khó tháo gỡ giữa thương mại và tôn giáo, kinh tế và chính trị từ cả hai phía phương Tây và Việt Nam, trong một thời đoạn lịch sử đã xuất hiện những tiềm năng và cơ hội tiếp xúc giao lưu Đông-Tây, đáng lý ra có thể tạo đà cho những chuyển biến tích cực, tiến bộ của xã hội Việt Nam truyền thống, nhưng đã bị tuột khỏi mất, và như vậy đã dẫn đến tình trạng và những sự cố mang tính bi kịch…'),
(47, 'Việt Nam Thời Pháp Đô Hộ', 'Khoa học xã hội', '	Nguyễn Thế Anh', '	01/03/2017', 2, 116000, 'viet-nam-thoi-phap-do-ho.jpg', 25, 'Việt Nam Thời Pháp Đô Hộ\r\n\r\nViệt Nam thời Pháp đô hộ thuộc tủ sách Sử - Địa Đại học, do Lửa Thiêng (Sài Gòn) xuất bản lần đầu tiên năm 1970, được tác giả Nguyễn Thế Anh biên soạn dưới dạng tài liệu giảng dạy cho sinh viên khoa Sử trường Đại học Văn Khoa Sài Gòn. Được sự đồng ý của tác giả, tủ sách Biên khảo - Sử liệu tiến hành biên tập tái bản cuốn sách để giới thiệu đến rộng rãi bạn đọc trong cả nước sau hơn 45 năm kể từ lần in đầu tiên.\r\n\r\nTrước và ngay khi đặt ách đô hộ, trên toàn lãnh thổ Việt Nam, chính phủ Pháp đã có những bước chuẩn bị có mục đích và chuyên nghiệp cho công cuộc cai trị bằng một nhà nước thực dân với các chính sách thuộc địa trên các lĩnh vực quân sự, chính trị, kinh tế, xã hội. Đó là việc tổ chức nhiều cuộc khảo sát, nghiên cứu chuyên sâu về lịch sử, con người, vùng đất, văn hóa, tộc người, nghi lễ, phong tục, tập quán… do chính các nhà khoa học Pháp thuộc các lĩnh vực lịch sử, ngôn ngữ, dân tộc học, địa lý, khảo cổ học, các luật gia, kinh tế, chính trị gia có bề dày trải nghiệm chính sách thuộc địa ở nhiều quốc gia thực hiện. Đã có hàng loạt tên tuổi các nhà khoa học được huy động cho các công trình nghiên cứu chuyên sâu về ba nước Đông Dương, về nước Việt Nam trước, trong và sau thời kỳ đô hộ vốn khá quen thuộc với giới nghiên cứu khoa học xã hội trong nước và thế giới như Taboulet Georges, Cordier Henri, P. Gourou, Ph. Devllers, P. Doumer, G. Aubaret, John Crawfurd,…\r\n\r\nViệt Nam thời Pháp đô hộ phác họa một bức tranh tổng thể về hình ảnh nước Việt Nam kể từ khi bị người Pháp chiếm cứ bằng quân sự với phát súng nổ đầu tiên ở Đà Nẵng năm 1858. Cuốn sách khai thác các nguồn sử liệu gốc phong phú của chính quyền thực dân Pháp, được tác giả chắt lọc, phân tích, lý giải một cách khoa học giúp người đọc dõi theo bước chân xâm lược của thực dân Pháp khi lần lượt bằng quân sự chiếm cứ Nam kỳ, gây áp lực và vô hiệu hóa quyền lực của triều đình Huế, xâm nhập Bắc kỳ cho đến khi thiết lập nền hành chính đô hộ.\r\n\r\nBên cạnh đó, tác giả Nguyễn Thế Anh còn cung cấp cho người đọc một lát cắt đối nghịch với chủ trương thực dân của chính quyền đô hộ Pháp, đó là phản ứng của nhân dân Việt Nam bằng các phong trào phản kháng, đáp trả với những xu hướng khác nhau nhằm chấm dứt chế độ thuộc địa trên toàn lãnh thổ Việt Nam.\r\n\r\nĐặt trong bối cảnh cuốn sách được dùng làm tài liệu giảng dạy ở một trường đại học uy tín và được xuất bản ngay tại thủ phủ Sài Gòn những năm 70 của thế kỷ XX, khi đất nước còn chia cắt, hai miền Nam - Bắc với hai chính thể khác nhau, thì những phân tích cố gắng có cái nhìn khách quan, không phán xét, đánh giá về từng cuộc vận động, phong trào quốc gia phản kháng đòi tự trị, đòi cải cách xã hội, xóa bỏ chế độ đô hộ là những điều đáng được ghi nhận về thái độ của tác giả Nguyễn Thế Anh - người làm công việc chép sử.\r\n\r\nViệt Nam thời Pháp đô hộ được xuất bản theo hợp đồng ký kết giữa DTBooks và tác giả Nguyễn Thế Anh, DTBooks là đơn vị duy nhất ở Việt Nam độc quyền in ấn và phát hành cuốn sách.'),
(48, 'Bạn Trai Bản Giới Hạn', 'Hồng Đức', '	MISA', '	12/10/2018', 5, 74800, 'ban-trai-ban-gioi-han.jpg', 21, 'Bạn Trai Bản Giới Hạn:\r\n\r\nTrong những giấc mơ của thiếu nữ đương xuân, thể nào cũng ấp ủ hình ảnh một anh người yêu lý tưởng.\r\n\r\nCòn trong giấc mơ của Vi Tâm, một góc vạt áo anh ta cũng chưa từng thấp thoáng. Tuổi hoa mười sáu mà xung quanh chỉ có hoàng hôn đỏ ối của những chiều nhức nhối tan trường về lẻ loi.\r\n\r\nĐể lấn át cảm giác lạc lõng, cô bèn tưởng tượng mình thuộc mẫu nữ chính vô cùng kiên cường, nuốt nước mắt vào trong, ưỡn vai thẳng lưng, quyết không dựa dẫm đàn ông trong suốt cuộc đời này. Thực tế thì học hành làng nhàng, thể thao lươn khươn, không nuôi ước vọng, phó mặc mình cho tháng ngày xô đẩy.\r\n\r\nThế mà rồi anh người yêu cũng đến, còn hơn xa mọi hình mẫu lý tưởng mà các cô gái có thể vẽ ra. Đẹp trai bao dung giỏi giang tận tụy. Và nhất là đã khéo léo thay đổi cô nàng.\r\n\r\nMà bí quyết của Vi Tâm là gì ấy?\r\n\r\nChỉ có một thôi: không bao giờ bỏ bữa sáng.'),
(49, 'Con Mèo Số Một Thế Giới', 'Nhã Nam', '	Higuchi Yuko', '	01/10/2018', 5, 76400, 'con-meo-so-mot-the-gioi.jpg', 16, 'Con Mèo Số Một Thế Giới\r\n\r\nMiu Xám là bạn thân nhất của chú bé từ khi chú còn nhỏ xíu. Ngày nào chú bé cũng ôm Miu Xám đi ngủ. Lúc buồn, lúc vui, họ đều ở bên nhau. Miu Xám đích thực là con mèo bông hạnh phúc nhất trên đời.\r\nNhưng chú bé đã bảy tuổi rồi, sắp đến độ tuổi mà mọi đứa trẻ đều chán chơi thú bông. Miu Xám lo lắm. Miu Xám muốn trở thành mèo thật để được ở bên chú nhiều hơn. Miu Xám muốn trở thành con mèo số một thế giới để được chú yêu thương mãi mãi.\r\nTheo lời các bạn mách bảo, Miu Xám lên đường đi tìm những sợi ria mèo có phép thuật để biến ước mơ của mình thành hiện thực. Nhưng “số một thế giới” là gì? Hạnh phúc thật sự là gì? Trên hành trình nhiều niềm vui nhưng cũng lắm gian nan đó, liệu Miu Xám có thể tìm được câu trả lời?\r\nCon Mèo Số Một Thế Giới là một cuốn sách có thể khiến tim ta ấm áp, của Higuchi Yuko, hoạ sĩ nổi tiếng Nhật Bản.\r\nVề tác giả Con Mèo Số Một Thế Giới:\r\nHiguchi Yuko là một họa sĩ chuyên nghiệp sống tại Tokyo. Cô tốt nghiệp Đại học mỹ thuật Tama và từng nhận giải thưởng Ichiro Fukuzawa.\r\nCác tác phẩm của cô bao gồm Tuyển tập Higuchi Yuko (nhà xuất bản Graphic-sha), Hai chú mèo (nhà xuất bản Shodensha)… Cô từng hợp tác với những thương hiệu nổi tiếng như GUCCI, Uniqlo. Từ tháng 1 năm 2015 cô đã phát triển thương hiệu riêng Gustave.'),
(50, 'DEATH NOTE - TẬP 1', 'Hà Nội', 'Tsugumi Ohba, Takeshi Obata', '	01/11/2018', 5, 35000, 'Deathnote-T1.jpg', 44, ' Death Note - Tập 1 \r\n\r\nGiữa đời thực của chúng ta, giả như có một dị vật “từ trên trời” rơi xuống, lại có quyền năng gần như vô hạn chi phối số mạng con người.\r\n\r\nDị vật ấy không thua gì một công cụ phán xử và người sử dụng chẳng mấy khác quan tòa.\r\n\r\nVậy, cách sử dụng ra sao sẽ là điều quyết định.\r\n\r\nVì lợi ích cá nhân? Hay để thay đổi thế giới?\r\n\r\nVị trí “kẻ ích kỉ ngộ nhận” và “quan tòa chính nghĩa” chỉ cách nhau một ranh giới mong manh - sự tỉnh táo trong cách nghĩ “công lý-lý tưởng, liệu có thể chỉ do một cá nhân định đoạt”.\r\n\r\n***\r\n\r\n“Rồi tôi sẽ tạo ra một thế giới chỉ toàn những con người lương thiện, hiền lành, được chính tôi chấp nhận.”\r\n\r\n“Nếu làm vậy, kẻ ác duy nhất còn lại sẽ là cậu đó…”\r\n\r\n***\r\n\r\nDeath Note - tên thứ dị vật vừa được nhắc đến cũng là tên tác phẩm hư cấu sẽ mang tới những màn đấu trí quyết liệt giữa những kẻ được chọn trong cuộc chiến giữa các lực lượng đều nhân danh “chính nghĩa”.\r\n\r\nVới giả thiết thú vị và đầy “ma lực” xuất hiện giữa khung cảnh trinh thám, hình sự, đan cài thực tế và phi thực tế nhưng được xây dựng vô cùng chặt chẽ và hợp lý, chúng ta sẽ hơn một lần được trao cơ hội suy nghĩ sâu thêm về con người, về lý tưởng, về hi sinh, về công lý…'),
(51, 'Đống Mềm Nhũn Hạnh Phúc', 'Nhã Nam', '	Sarah Anderson', '12/07/2018', 5, 615000, 'dong-mem-nhun-hanh-phuc.jpg', 1, 'Đống Mềm Nhũn Hạnh Phúc\r\n\r\nSau cuốn sách Làm Người Lớn, Một Điều Huyền Bí, tác giả Sarah Andersen tiếp tục mang tới độc giả cuốn truyện hài hước mang tên Đống Mềm Nhũn Hạnh Phúc\r\n\r\nTiếp tục thể loại \"sách tranh nguệch ngoạc\" đầy sáng tạo, Sarah Andersen mang đến những tình huống quen thuộc: sức công phá của chu kỳ kinh nguyệt, niềm hạnh phúc và sự thoải mái trong tình yêu, nỗi e sợ khi giao tiếp xã hội... Với sự hài hước chân thành, cô tái hiện một cách thú vị những lối nghĩ truyền thống đã tồn tại bao năm, gợi mở óc quan sát của độc giả theo một cách lạ lẫm nhưng vẫn không kém phần tao nhã. Cô đặc biệt sắc sảo khi đánh giá lại các tiêu chuẩn phổ cập mà hóa ra thật phi lý, ngớ ngẩn mà những phụ nữ trẻ hiện đại phải chịu đựng. Cuốn thứ hai này dường như còn hấp dẫn hơn cả cuốn đầu: thông minh, ấm áp, vừa đủ dịu dàng và hài hước, đầy ắp sự dí dỏm từ đầu đến cuối.\r\n\r\nVề tác giả của cuốn sách\r\n\r\nSarah Andersen - Những cuốn sách đã xuất bản\r\n\r\n- Làm Người Lớn, Một Điều Huyền Bí\r\n\r\n- Đống Mềm Nhũn Hạnh Phúc'),
(52, 'Hãy Đi Đi, Xanh Biếc', 'Amak', '	Yutaka Kouno', '	01/10/2018', 5, 83700, 'hay-di-di-xanh-biec.jpg', 5, 'Hãy Đi Đi, Xanh Biếc\r\nThứ đã đánh mất là gì vậy? Đó là bí mật của tuổi trẻ vẫn luôn đau đáu trong tim.\r\n \r\nNanakusa 16 tuổi sống nhàn nhã trên một hòn đảo nhỏ cách biệt, nơi chẳng có gì hơn ngoài thị trấn nhỏ dưới một ngọn núi. Cậu đã tỉnh dậy ba tháng trước, và nhận ra mình là một trong những người bị bỏ lại đây cho tới khi tìm được “thứ đã đánh mất”. Những lời kỳ quặc đó chẳng khiến Nanakusa bận tâm, bởi lẽ cậu là một anh chàng bi quan thượng thừa, luôn chuẩn bị trước điều tồi tệ nhất, mà chuyện này thì cũng đâu đến nỗi nghiêm trọng.\r\n \r\nThế rồi ngày nọ, một cô gái xuất hiện và khiến cuộc sống mới của Nanakusa đảo lộn. Đó là Manabe, cô bạn thời thơ ấu của cậu, đồng thời cũng là người lạc quan bậc nhất thế giới. Không chịu đựng nổi sự hiện diện của cô nàng, cậu quyết định tìm “phù thủy” ngự trị trên đỉnh ngọn núi nhằm thuyết phục bà ta đưa Manabe đi.\r\n \r\nTrích đoạn Hãy Đi Đi, Xanh Biếc:\r\nTôi đã gặp lại cô ấy vào lúc 6 giờ 42 phút ngày 19 tháng 11. Đó là người con gái mạnh mẽ thẳng thắn hơn bất cứ ai, luôn đúng, can đảm và mạnh mẽ. Cô ấy chính là Manabe Yuu. Lần gặp lại không nên có này đã thay đổi cuộc sống ổn định của một học sinh cấp 3 là tôi.\r\n \r\nMột hòn đảo kỳ lạ, liên tục có những bức vẽ khó hiểu. Câu đó nào đang được giấu ở bên trong đó?... Sao tôi lại ở đây? Sao cô ấy lại đến đây?\r\n \r\nChân tướng sắp sáng tỏ sẽ hé lộ một sự thật tàn khốc về tuổi trẻ của chúng tôi.'),
(53, 'KHOA HỌC LÀM GIÀU', 'Dân Trí', '	Wallace Delois Wattles', '2018', 5, 107000, 'khoa-hoc-lam-giau.jpg', 0, 'KHOA HỌC LÀM GIÀU\r\n\r\n\"Khoa học làm giàu\" là tập 1 của bộ sách kỹ năng sống vượt thời gian \"Khoa Học Làm Chủ Vận Mệnh\" của Wallace Delois Wattles, đồng thời được xem là cuốn cẩm nang làm giàu nổi tiếng nổi tiếng nhất thế giới mọi thời. \r\n\r\nThông qua bộ sách “Khoa học Làm Chủ Vận Mệnh” của mình, Wallace D. Wattles đã “bật mí” cho chúng ta biết đến Tư Duy Tích Cực – một khái niệm đã và đang làm thay đổi cả thế giới, giúp hàng triệu con người tìm thấy thành công và hạnh phúc trong cuộc sống. Wattles chính là bậc thầy truyền cảm hứng tiên phong, giúp sản sinh ra những diễn giả và nhà hoạt động nổi tiếng như Rhonda Byrne, Michael Losier, James Arthur Ray và Bob Proctor. Không có “Khoa học làm giàu,” chúng ta đã không bao giờ có cơ hội được thưởng thức The Secret, Luật Hấp Dẫn và Sức Mạnh của Tư Duy Tích Cực. Giờ thì với cuốn sách này, bạn đang được tìm hiểu gốc rễ của tất cả những tri thức đó một cách trực tiếp và dễ hiểu nhất, nhằm khám phá bí quyết vận dụng Luật Hấp Dẫn để tích lũy sự giàu có. '),
(54, 'Ma Vương Kiến Tạo 2', 'Thế Giới', '	Rui Tsukiyo', '	01/06/2018', 5, 87900, 'ma-vuong-kien-tao-2.jpg', 2, 'Ma Vương kiến tại – Hầm ngục kiên cố nhất chính là thành phố hiện đại (tập 2)\r\n\r\nHành trình trở thành một Ma Vương vĩ đại của Procel ngày càng gặp nhiều những thử thách mới.\r\n\r\nXây dựng một hầm ngục để giết chóc như các Ma Vương khác thật đơn giản, nhưng con đường Procel chọn lại chông gai và cũng thú vị hơn rất nhiều.\r\n\r\nCùng với sự giúp đỡ từ các cô con gái xinh đẹp của mình, liệu Procel có thể biến ước mơ thành hiện thực?.'),
(55, 'Ngàn Hạc Giấy Của Sadako', 'Hồng Đức', '	Sasaki Masahiro', '	22/08/2018', 5, 58500, 'ngan-hac-giay-cua-sadako.jpg', 6, 'Ngàn Hạc Giấy Của Sadako\r\n\r\nHiroshima một ngày đầu tháng Tám, người đang ăn sáng người bắt đầu đi làm, nhưng ai nấy cùng dừng lại để ngẩng mặt lên trời ngắm nhìn. Ở rất cao, rất xa, có cái gì đó chói sáng rực rỡ lắm.\r\n\r\nXuống cách mặt đất chừng 600 mét, cái chói sáng đó phát nổ, sóng xung kích bùng ra, tước đi sự sống của vạn vật. Gần thì biến thành tro bụi, xa thì sụp đổ hoặc nát vụn. Và lửa bốc lên ngùn ngụt, lửa thiêu cháy cả những dòng sông vốn đan dày như tấm lưới ở thành phố cảng này.\r\n\r\nRồi mưa đổ xuống, mưa gom cả tro than từ chín tầng trời và tiếp đất với màu đen đặc, nhuộm đen da và đen cả tế bào sống của những người thoát chết. Từ đó, những mầm bệnh lặng lẽ vươn dài. Sadako là một bé gái thuộc vào trường hợp ấy. Hai tuổi dính mưa nguyên tử, mười năm ủ bệnh, chẩn đoán ung thư máu vào năm mười một tuổi, và mười hai thì từ giã cõi đời.\r\n\r\nGần một năm chữa trị là gần một năm ngập tràn nước mắt, đau đớn và hi sinh cho nhau giữa Sadako và mọi người trong gia đình em. Tất cả được khắc họa lại ở cuốn sách này, khiến ta vừa cảm phục, yêu mến, vừa không khỏi xót xa.\r\n\r\nVới trái tim kiên cường và giàu lòng trắc ẩn, Sadako đã gói gọn bao yêu thương bí mật, bao mong ước thầm kín của mười hai năm ngắn ngủi trên đời vào những cánh hạc giấy.'),
(56, 'Nhật Ký Giấc Mơ', 'NXB Phụ Nữ', '	Akira', '	20/03/2018', 5, 67100, 'nhat-ki-giac-mo.jpg', 4, 'Nhật Ký Giấc Mơ\r\n\r\nNHẬT KÝ GIẤC MƠ – Trong giấc mơ của bạn, tôi không tồn tại.\r\n\r\nPhiên bản tiểu thuyết của tựa game RPG đình đám sẽ mang lại cho fan hâm mộ những trải nghiệm và cách nhìn nhận mới lạ về “Nhật ký giấc mơ”.\r\n\r\nCó một cô gái nọ, ở trong một căn phòng nhỏ nọ. Cô không bao giờ bước ra ngoài, không muốn phải đối mặt với thế giới bên kia cánh cửa phòng. Cô lắc đầu với vẻ mặt buồn thảm, nhất quyết không mở cửa để trốn tránh mọi thứ. Thế nhưng ở trong mơ, cô lại buông tay mở chốt, và những cảnh tượng hãi hùng phía sau cánh cửa cứ liên tiếp trải dài trước mắt cô.\r\n\r\nCô bước đi trong cơn ác mộng không hồi kết, cô độc trong bóng tối vô định, nhặt nhạnh những vật dụng vô ích… Để tìm kiếm bản thân mình? Để tìm kiếm sự thật? Để tìm kiếm tương lai? Hay để tìm kiếm hồi kết…?\r\n\r\nCô là ai? Tại sao lại luôn tự nhốt mình trong phòng và chìm sâu vào trong những cơn ác mộng vô vọng? Cô đang tìm kiếm thứ gì? Thứ gì ẩn sâu sau những cảnh tượng rùng rợn ấy? Giấc mơ này phải chăng đang muốn nói lên điều gì đó? Và cuối cùng thì … cô có thực sự đang tồn tại? Cô có còn đang sống? Hay đã chết? Hay là chưa ra đời? Và … giấc mơ này… có thực sự là của cô…?\r\n\r\nTất cả câu hỏi, tất cả bí ẩn dần được hé lộ phía sau những cánh cửa mang lại biết bao bất ngờ và những câu hỏi tự vấn cho trái tim…'),
(57, 'Ông Trời Nói Dối', 'Hồng Đức', 'Kaori Ozaki', '10/07/2018', 5, 40500, 'ong-troi-noi-doi.jpg', 1, 'Ông Trời Nói Dối\r\n\r\nÔng Trời Nói Dối liệu rằng có nhân hậu?\r\n\r\nCuốn truyện này không những vẽ tuổi thơ mà còn vẽ cả tuổi chúng ta đã biết đặt câu hỏi về ý nghĩa đằng sau lời ông trời nói dối.\r\n\r\nNội dung cuốn truyện tranh\r\n\r\nChuyện kể về năm cuối tiểu học hồn nhiên đến ngốc ngây của một cô bé và một cậu bé đã cầm tay nhau bước vào chuyến phiêu lưu mùa hè trong những rung cảm đáng yêu nhưng không kém phần xúc động.\r\n\r\nChuyện cũng đặt câu hỏi về về tình cảm gia đình, nơi mỗi nhà mỗi cảnh, trong đó ông bà, mẹ cha có bên ta hay không cũng không còn là điều chắc chắn. Để trong hoàn cảnh ấy, những cô bé cậu bé sẽ lớn lên trong vòng tay ai, có khi nào là trong những lời “nói dối” của “ông trời”...\r\n\r\nTrích đoạn trong cuốn Ông Trời Nói Dối\r\n\r\n\"- Hồi bố bị bệnh, ở bệnh viện bố bảo con là, “Natsuru mà ngoan ngoãn nghe lời mẹ, thì ông trời sẽ chứng giám, phù hộ cho bố khỏe lại. Nên con phải ngoan nhé.” Vậy mà cuối cùng bố lại mất. Phải chăng con không ngoan?\r\n\r\n- Con nghe này, ông trời cũng có lúc nói dối đấy.\r\n\r\n- Tại sao hả mẹ?\r\n\r\n- Bởi vì ông ấy...\"'),
(58, 'Bác Sĩ Riêng Của Bé Yêu - Chat Với Bác Sĩ', 'Lao động', 'Bác sĩ Trần Thị Huyên Thảo', '	01/07/2017', 7, 76, 'bac-si-rieng-cua-be-yeu.jpg', 2, 'Bác Sĩ Riêng Của Bé Yêu - Chat Với Bác Sĩ\r\n\r\nNgày nay, mỗi gia đình có ít con hơn, kinh tế gia đình phát triển, kèm với sự bùng nổ về thông tin nên các bậc phụ huynh có điều kiện quan tâm nhiều hơn đến sức khoẻ của con cái. Đó là điều đáng mừng! Tuy nhiên, đôi khi sự tư vấn của các nhân viên y tế không thống nhất, hoặc những lời khuyên của bác sĩ không giống như những gì phụ huynh được nghe từ người quen làm cho các bậc cha mẹ không ít hoang mang lo lắng. Việc tìm một bác sĩ tin cậy để được tư vấn về chăm sóc sức khoẻ cho con mình, một nhu cầu tưởng chừng như rất đơn giản, nhưng đôi khi sao mà khó quá!\r\n\r\nTheo như  PGS. TS. BS. Nguyễn Anh Tuấn cho biết, để trở thành một nơi tư vấn đáng tin cậy cho phụ huynh tin tưởng tìm đến một bác sĩ nhi cần có những tố chất sau:\r\n\r\n(1)   Có kiến thức vững chắc và luôn cập nhật,\r\n\r\n(2)   Có nhiều kinh nghiệm thực tế trong việc tư vấn bệnh nhi, nhất là kinh nghiệm ngay trên những đứa con thân yêu của mình,\r\n\r\n(3)   Có duyên ăn nói, dễ nghe dễ hiểu\r\n\r\n(4)   Tận dụng tốt ưu thế của các phương tiện truyền thông như sách báo, mạng xã hội, nói chuyện trước đám đông.\r\n\r\nVà ông cũng cho rằng BS. Trần Thị Huyên Thảo nằm trong số những bác sĩ đạt được những tiêu chuẩn đó.\r\n\r\n“Việc cho ra đời hai quyển sách đầu tiên, là “Chào con! Ba mẹ đã sẵn sàng!” và “Bước đệm vững chắc vào đời”, các độc giả đã giúp cho tôi thấy được rằng, việc viết và chia sẻ các kiến thức y khoa cơ bản, thường thức, là một hoạt động quan trọng, hữu ích và cực kì hiệu quả, để có thể giúp người chăm sóc trẻ tự tin hơn, thoải mái hơn và chững chạc hơn, vui vẻ hơn trong quá trình cùng con trưởng thành.” – BS. Trần Thị Huyên Thảo chia sẻ.\r\n\r\nQuyển sách này ra đời với một mong muốn trao đổi với quí phụ huynh và gia đình trẻ những thông tin y khoa khách quan và dựa trên chứng cứ nghiên cứu y khoa cập nhật nhất trong khả năng của tác giả, để giải đáp những lo lắng có thể là vụn vặt, có thể là quan trọng, có thể rất “vi mô”, cũng có thể là rất “vĩ mô” về mặt phòng ngừa bệnh ở cấp độ y tế cộng đồng.\r\n\r\n70 câu hỏi được đưa ra trong sách đều là những câu hỏi mà tác giả gặp được và gặp khá thường xuyên, trong quá trình tương tác trao đổi, giải thích, thăm khám bệnh nhi trong đời thực, cũng như trong quá trình tương tác trên các mạng xã hội. Tuy nhiên, cuốn sách này không chỉ dừng lại ở việc cung cấp các kiến thức cơ bản về chăm sóc trẻ, mà còn có thể cung cấp cho các bạn một cách nhìn khác về những vấn đề đã trở nên quá quen thuộc mà chúng ta thường gặp phải trong cuộc sống hằng ngày của chúng ta và của trẻ.\r\n\r\nHy vọng các bạn sẽ thấy sách hữu ích và sử dụng thông tin trong sách một cách đúng mực trong cuộc sống của mình...\r\n\r\n- Để chúng ta có thể chăm sóc con cháu một cách khoa học và đúng đắn.\r\n\r\n- Để chúng ta có thể bảo vệ và phòng tránh cho con những bệnh tật không mong muốn.\r\n\r\n- Để chúng ta có thể tự tin hợp tác theo dõi bệnh tình của con, cùng với các y bác sĩ.\r\n\r\n- Để chúng ta chuẩn bị cho con quá trình phát triển chu toàn, theo khả năng của con và khả năng của chúng ta.\r\n\r\nTất cả vì một tương lai bé khỏe, bé vui, gia đình khỏe mạnh và hạnh phúc!'),
(60, 'Đời Thay Đổi Khi Ta Thay Đồ', 'Thế Giới', '	George Brescia', '	01/09/2017', 7, 110900, 'doi-thay-doi-khi-ta-thay-doi.jpg', 4, 'Đời Thay Đổi Khi Ta Thay Đồ\r\n\r\nNếu bạn luôn tâm niệm định kiến là những cuốn sách Thời trang thường sẽ dày đặc hình ảnh đẹp đẽ nhưng lại vô cùng ít ỏi về mặt thông tin nội dung, và vì thế, không đóng góp gì nhiều trong việc giúp người đọc thay đổi ngoại hình cũng như phát triển phong cách cá nhân – thì quả thật là bạn đã nhầm.\r\n\r\nNhững cuốn sách Thời trang “kiểu mới” giờ đây tập trung hết mức vào việc xây dựng nội dung hay ho với một mục tiêu tối thượng: không chỉ đưa ra những hình mẫu thời trang đẹp đẽ, mà còn hướng dẫn phương thức cụ thể để người đọc dễ dàng đạt được vẻ đẹp và sự tự tin đó. Mang những đặc điểm khác biệt là vô cùng đầu tư vào nội dung: chủ yếu đưa ra những quan điểm, liệt kê các bí quyết và cách thức, công phá những định kiến và luôn luôn hướng tới việc làm thay đổi tư duy trước khi dạy bạn nên phối chiếc chân váy này với chiếc áo sơ-mi kia.. sách Thời trang thời nay xứng đáng được xem là những cuốn sách self-help thực thụ.\r\n\r\nNgoại hình của chúng ta giống như một tấm danh thiếp mà chúng ta chìa ra với thế giới, quần áo lên tiếng giới thiệu về bạn ngay cả khi bạn còn chưa kịp mở lời. Bạn thích mặc váy và đi giày cao gót ư? Bạn có vẻ là cô nàng điệu đà đấy nhỉ, nhưng liệu người như bạn có thích hợp với những công việc phải thường xuyên hoạt động ngoài trời? Cũng ổn thôi nếu bạn yêu sự thoải mái và thường mặc jeans đi kèm giày thể thao? Tuy nhiên, hẳn bạn cũng đồng ý với tôi đó hoàn toàn không phải bộ trang phục nên mặc để đi gặp khách hàng hoặc tham gia những sự kiện trang trọng…\r\n\r\nVậy nên, một cuốn sách giống như “Đời thay đổi khi ta thay đồ” ở đây là để cứu bạn thoát khỏi những tình huống lúng túng và khó xử như trên. Cuốn sách này hoàn toàn không viết về thời trang đơn thuần và bạn cũng không cần phải là một người quan tâm đến thời trang thì mới nên đọc nó (thậm chí ngược lại, bạn càng ít quan tâm đến chuyện ăn mặc bao nhiêu thì càng nên đọc cuốn sách này bấy nhiêu!). Cuốn sách chấn chỉnh những quan niệm và sai lầm về chuyện ăn mặc, liệt kê vô số những bí quyết và cách thức phối đồ tuyệt đỉnh, hướng dẫn bạn xây dựng một tủ đồ hoàn hảo, ứng dụng cao mà không mấy tổn hao tài chính… Đồng thời, tác giả George Brescia đã chứng tỏ rằng ông không chỉ là một Stylist tài năng mà còn là một chuyên gia tâm lý cực kỳ xuất sắc, khi thấu hiểu hết thảy những chướng ngại tinh thần và khó khăn của chị em phụ nữ, để từng bước giúp họ dẹp bỏ định kiến tự ti và tìm lại sự tự tin một cách hết sức tài tình.\r\n\r\nBất cứ người phụ nữ nào cũng có thể chuyển mình để trở thành một phiên bản xinh đẹp và quyến rũ hơn. Quan trọng hơn cả, sự đổi thay này không chỉ mang tới những chuyển biến trong cách mà người ngoài nhìn vào và ứng xử chúng ta, mà còn tác động vào cách mà chúng ta cảm nhận về chính bản thân mình. Và hẳn bạn sẽ đồng ý với tôi rằng đây chính là bước chuyển biến có thể mang lại sự đổi thay cho một-cuộc-đời.'),
(61, 'Giai Đoạn Vàng Để Dạy Con Thông Thái', 'NXB Phụ Nữ', 'Thanh Cherry – Jane Hanckel', '	29/03/2017', 7, 132000, 'giai-doan-vang-de-day-con-thong-thai.jpg', 5, 'Giai Đoạn Vàng Để Dạy Con Thông Thái\r\n\r\nMỗi đứa trẻ là một thiên tài. Nhà giáo dục học nổi tiếng ông Kimura Kyuichi từng nói: “Mỗi đứa trẻ sinh ra đã có 100 phần năng lực, nhưng nếu cứ để tự nhiên thì có thể chỉ phát triển được 20, 30 phần. Nếu được giáo dục tốt có thể khi trưởng thành sẽ phát triển đến 60, 70 phần, hay lý tưởng nhất là phát huy được 100 phần năng lực của mình”. Những năm đầu đời từ 0-7 tuổi chính là giai đoạn vàng để trẻ học hỏi, phát triển trí tuệ, khai mở và nuôi dưỡng tố chất thiên tài.\r\n\r\nCuốn sách Từ 0-7 tuổi, giai đoạn vàng để dạy con thông thái trang bị cho các bậc cha mẹ những kiến thức toàn diện trong hành trình ngoạn mục nuôi dạy trẻ những năm đầu đời. Với những kinh nghiệm thực tiễn bổ ích, cha mẹ sẽ dễ dàng tạo dựng được môi trường thuận lợi để trẻ:\r\n\r\n- Luôn vui thích khi học hỏi, tiếp cận và tích lũy kiến thức một cách tự nhiên.\r\n\r\n- Dễ dàng vượt qua những khó khăn và khủng hoảng thời thơ ấu.\r\n\r\n- Phát triển thành công dân toàn cầu năng động, tự tin, thích ứng tốt với xã hội hiện đại.\r\n\r\n- Vui vẻ, hạnh phúc, biết yêu thương, tôn trọng mọi người và luôn cháy sáng ngọn lửa niềm tin.\r\n\r\nHy vọng cuốn sách sẽ là hành trang giúp trẻ hoàn thiện hơn.'),
(62, 'Nghệ Thuật Chăm Con', 'Lao động', '	Tracy Hogg & Melinda Blau', '	20/01/2015', 7, 75600, 'nghe-thuat-cham-con.jpg', 8, 'Nghệ Thuật Chăm Con\r\n\r\nTrong cuốn sách Nghệ thuật chăm con, Tracy Hogg đã trao cho các bậc cha mẹ những công cụ cần thiết để thực sự hiểu bé con của họ trong những tuần sau sinh. Với lợi ích từ các mục đơn giản, dễ thực hiện của chị, giờ bạn có thể học được:\r\n\r\n- Cách cho bé ăn, chơi và ngủ hợp lý để mỗi thành viên trong gia đình đều thoải mái và hạnh phúc\r\n\r\n- Cách hiểu điều bé muốn nói với bạn\r\n\r\n- Cách nhận diện tính nết của bé và học cách tương tác tốt nhất với con\r\n\r\n- Ba ngày thần kỳ - cách thay đổi bất kỳ hay toàn bộ thói quen xấu của bé chỉ trong ba ngày\r\n\r\nĐáng tin cậy, thiết thực, nhưng cũng rất mới mẻ, Nghệ thuật chăm con không chỉ giúp cha mẹ có một đứa con khỏe mạnh hơn mà còn khiến gia đình họ thuận hòa và hạnh phúc hơn.\r\n\r\nNhận định\r\n\r\n“Cuốn sách đề cập đến mọi khía cạnh về chăm sóc mẹ và bé, với các bảng biểu hữu ích và thông tin tham khảo rõ ràng. Có rất nhiều cuốn sách hay về chăm sóc bé... nhưng cuốn sách này thấm đẫm sự dịu dàng và tình yêu, với quan điểm coi bé là người lớn, không phải là một đứa trẻ.”\r\n\r\n- Tạp chí thư viện (Library Journal)\r\n\r\n\"Với đầy sự sôi nổi và thông thái mang dấu ấn riêng, tác phẩm của Tracy Hogg xứng đáng là sách gối đầu giường cho mọi bà mẹ đang mang thai và mới sinh con. Chị không chỉ dạy cần phải lường trước những gì, mà hơn thế nữa, làm thế nào để giải quyết các vấn đề không thể lường trước.”\r\n\r\n- Susannah Grant - Biên kịch, phim Erin Brockovich và Pocahontas\r\n\r\n“Ngay ngày đầu khi bé từ viện về nhà, Hogg đã khuyên ta xây dựng một chu trình hằng ngày gọi là E.A.S.Y. để giúp cha mẹ có thể đáp ứng nhu cầu của con mà không thành ra quá nuông chiều bé và không bị mệt mỏi bởi những nhu cầu của trẻ sơ sinh... Hogg cũng có một chương bàn một cách hết sức tinh tế về nhu cầu đặc biệt của bé. Với sự dí dỏm kiểu Anh và sự đồng cảm, bà đề cập tới mọi vấn đề khác mà bố mẹ trẻ phải đối mặt như không có thời gian cho quan hệ vợ chồng, việc cho con bú, và cách làm tròn vai trò của cha mẹ.”\r\n\r\n- Báo Publishers Weekly\r\n\r\n“Tracy thực sự tài năng, giờ thì các bậc cha mẹ trẻ khắp nơi có thể mở cuốn sách này và cảm thấy như mời được bà về nhà vậy.”\r\n\r\n- Noni White - Biên kịch phim 102 chú chó đốm và Tarzan');
INSERT INTO `products` (`id`, `title`, `publisher_name`, `author_name`, `publish_year`, `category_id`, `price`, `picture`, `num_existed`, `description`) VALUES
(63, 'Nuôi Con Không Phải Cuộc Chiến', 'Lao động xã hội', '	Nhiều tác giả', '	01/02/2018', 7, 71300, 'nuoi-con-khong-phai-cuoc-chien.jpg', 7, 'Nuôi Con Không Phải Cuộc Chiến\r\n\r\nBạn đã được làm mẹ, được ôm trên tay sinh linh bé bỏng của mình. Hẳn bạn đang rất băn khoăn và trăn trở với hàng ngàn thắc mắc: làm thế nào để giúp bé làm quen với gia đình, bắt nhịp với cuộc sống mới lạ bên ngoài, làm thế nào để hiểu và đáp ứng đúng những nhu cầu của em bé sơ sinh chỉ mới biết dùng tiếng khóc làm công cụ duy nhất để giao tiếp đây. Những câu hỏi cứ liên tiếp nảy ra, bạn cuống cuồng tìm sự trợ giúp và giải đáp từ nhiều nguồn khác nhau, để rồi dễ dàng rơi vào một vòng xoáy sai lầm và một cuộc chiến mệt mỏi trong sự nghiệp nuôi con nhỏ.\r\n\r\nNhững ngày đầu tiên bạn sẽ cố gắng cho bé bú liên tục, nhằm kích sữa, để con biết đây là mẹ. Đôi khi bạn sẽ đánh thức con dậy để cho con bú khi thấy bé ngủ li bì vì bạn sợ lâu quá con không bú sẽ bị đói. Bạn liên tục tự hỏi: con bú ít thế có đói không? Mình làm như thế có sao không? Con có ngủ được không? Con có nóng không? Con có lạnh không? Và làm thế nào để con tăng cân nhanh nhất có thể. Con tăng cân thế có chậm so với anh, chị, em hay con nhà hàng xóm không?\r\n\r\nKhi được 4 tháng tuổi, tự nhiên bạn thấy con bú ít hẳn, con cáu gắt, con ngủ không yên, con dậy đêm nhiều lần. Bạn nghĩ là con đói, hốt hoảng cho con bú mỗi giờ. Con quấy khóc, chỉ có ti mẹ hay cái bình mới có thể cho con ngủ được. Và chỉ khi ngủ con mới chịu ăn. Mỗi giấc ngủ của con chỉ kéo dài 30 phút rồi con choàng dậy và kích động như chưa bao giờ được nghỉ ngơi. Đêm con dậy liên tục, con đòi bú, bạn nghĩ con ngày bú ít chắc cần bú bù, cả đêm bạn chẳng ngủ vì phục vụ “tiếp dưỡng” cho con. Mẹ mệt và cảm giác càng ngày con càng “khó tính”.\r\n\r\n6 tháng con bắt đầu ăn dặm, con cứ nhè chẳng ăn được bao nhiêu. Bạn quyết cho con nằm ngửa ra bón để chờ trọng lực của tự nhiên giúp thức ăn “rơi” vào bụng con. Sữa cũng vậy - cách duy nhất để uống sữa là nằm ngửa đút thìa, hay tệ hơn là uống bằng xi-lanh. Con vẫn quấy khóc đêm, dậy liên tục. Bạn cảm giác những đêm mất ngủ có lẽ sẽ kéo dài đến vô tận.\r\n\r\n9 tháng, cân nặng của con mãi không tăng, con cự tuyệt và sợ hãi với thức ăn. Sữa giờ phải bỏ ra đút thìa. Mà kể cả vậy, một thìa vào bụng con thì một thìa rơi xuống đất. Lãng phí. Bạn thấy thất vọng và bất lực với con.\r\n\r\nBạn đọc hơn trăm trang tài liệu ăn dặm, các loại Tây Tàu Nhật Thổ, nhưng dường như con bạn là đối tượng không phù hợp với bất cứ phương pháp nào.\r\n\r\nMười mấy tháng con chào đời, bạn những tưởng con càng lớn sẽ càng dễ, nhưng không, mọi sự trở nên khó hơn. Lúc này, mỗi bữa ăn bạn phải cho con ra đường đi dạo, phải cho ra sân chơi, phải có đồ chơi nếu con ngồi ghế, đi ăn nhà hàng là một cơn ác mộng. Con có thể đòi hỏi nhiều điều không tưởng, và bạn đáp ứng vô điều kiện, miễn là con ăn…. Cuối cùng con cũng không muốn ăn. Rồi con ăn vạ, con khóc, con dọa nôn ra thức ăn, và thế là bạn lại tìm mọi cách thực hiện yêu sách miễn là con không ăn vạ, con không nôn kẻo con lại sụt cân…. Bạn những tưởng con qua nấc 1 tuổi sẽ có thể cho bạn một giấc ngủ nguyên đêm, nhưng không, con vẫn thức dậy vài lần, mỗi đêm trằn trọc không ngon giấc. Bạn đi khám mọi bác sỹ dinh dưỡng, uống đủ các loại men tiêu hóa và cảm giác bất lực càng thêm bất lực vì bạn không thể thay đổi tự nhiên, không thể làm con béo, hay con ngủ ngoan…\r\n\r\nHơn thế nữa, lúc nào bạn cũng cảm thấy như có thêm cái đuôi bất đắc dĩ, bạn vừa chạy ra ngoài 5 phút thì ở trong phòng đã nghe tiếng khóc nức nở. Bạn đi vào nhà tắm làm công tác bí mật cũng phải có khán giả bất đắc dĩ vừa nhăn mũi vừa nhăm nhăm trèo lên lòng . Lâu hơn chút, bạn cảm giác như mình có thêm ông vua bà chúa con trong nhà, thích gì là phải có ngay lập tức, trái ý là lăn đùng ra đất giãy giụa, tiếng khóc át tiếng bom, thậm chí còn dọa đập đầu vào tường, càng ở chốn đông người thì bạn càng được nghe ca nhạc kịch với âm lượng quá tải. Bạn thường xuyên trong tâm trạng lo sợ con ngã, con khóc; đôi khi bạn cảm thấy xấu hổ khi thấy người đi đường ngoái lại nhìn rồi xì xào nên lại chạy ra bế, ra ôm và lại đáp ứng mọi nhu cầu của các thượng đế tí hon. Hay thỉnh thoảng khi con bị ngã, bạn liền lập tức ra tay “đánh chừa” này, đôi khi ông bà cha mẹ lại được con “phát” miễn phí vài cái tát, hay vài dấu răng trên tay, trên vai. Những tưởng lớn dần bạn nói con sẽ hiểu, thế nhưng đời đâu như mơ, một ngày đẹp trời, thiên thần nhỏ của bạn chỉ biết nói duy nhất từ “không” đối với tất cả những gì bạn yêu cầu hay đòi hỏi ở con: tắm xong thì nhất quyết không chịu mặc quần áo, không chịu ngồi yên một chỗ để ăn, không chịu cất đồ chơi. Nói nhẹ không được chuyển qua nói nặng rồi ép buộc rồi dọa nạt, thế là ngôi nhà biến thành trận chiến nơi có tiếng la hét quát tháo của mẹ và những cơn nức nở của con…\r\n\r\nNếu bất cứ trường hợp nào trên đây giống như những gì xảy ra ở gia đình bạn, thì cuốn sách này là dành cho bạn!\r\n\r\nCuốn sách không là cẩm nang để bé ăn nhiều tăng cân nhanh hay dạy bé nghe lời răm rắp, mà giúp bạn hiểu con mình hơn. Giúp bạn hiểu chu kỳ sinh học của con và cách phối kết hợp cuộc sống gia đình với chu kỳ sinh học đó của bé. Hơn thế, cuốn sách còn hướng dẫn bạn cách cho ăn khi con đói, các thông tin kinh nghiệm và các trường hợp thực tế áp dụng thành công của các “bà mẹ tuyệt vọng” khác giúp bạn có thông tin cũng như nghị lực thay đổi cách áp dụng nuôi và dạy con ở gia đình. Suy cho cùng, nuôi không hẳn đã khó, đến đoạn dạy con còn khó hơn nhiều.\r\n\r\nCuối cùng đây là kinh nghiệm đặt những khuôn khổ hợp lý cho từng lứa tuổi, là bài học về tôn trọng trẻ thơ trong những khuôn khổ ấy. Nó sẽ làm cho kinh nghiệm làm mẹ của bạn ngọt ngào hơn và tránh cho con một tuổi thơ nước mắt bên bát cơm.'),
(64, 'Nuôi Dạy Con Kiểu Cá Heo', 'Thế Giới', 'Shimi Kang', '02/06/2017', 7, 93500, 'nuoi-day-con-kieu-ca-heo.jpg', 2, 'Nuôi Dạy Con Kiểu Cá Heo\r\n\r\nTrong thời đại đầy biến động và đổi thay khôn lường này, Nuôi dạy con kiểu cá heo có thể truyền cảm hứng mạnh mẽ và giúp định hướng cho các bậc cha mẹ. Tác giả - bác sĩ Shimi Kang, vốn là chuyên gia về thúc đẩy động lực cho con người, đồng thời cũng là một bà mẹ ba con - đã đưa ra những phân tích hợp lý, căn cứ theo những kết quả nghiên cứu khoa học về não bộ và hành vi của con người và dựa trên kinh nghiệm nhiều năm chữa trị cho các bệnh nhân là thanh thiếu niên. Theo cô, phong cách nuôi dạy con độc đoán “kiểu Hổ” chính là nguyên nhân dẫn đến tình trạng gia tăng những người trẻ mất phương hướng, không có động lực, nghiện ngập, lo âu, trầm cảm…\r\n\r\nĐồng thời, từ những quan sát về thế giới tự nhiên và xã hội xung quanh, từ chính trải nghiệm của cuộc sống cá nhân, Shimi Kang đề xuất những gợi ý thuyết phục về một phong cách nuôi dạy con hoàn toàn đối lập: nuôi dạy con theo “kiểu cá heo”. Lắng nghe trực giác, sống cân bằng, gắn bó với xã hội, dẫn dắt thay vì chỉ đạo con, để con được thử và sai, làm gương cho con… là những cách mà cha mẹ cá heo áp dụng để có thể giúp con thích nghi, tạo được động lực tự thân và tự mình bơi đi trong hành trình vui vẻ, hạnh phúc giữa những dòng chảy không ngừng biến đổi của cuộc đời.'),
(65, 'Ốc Đảo Mùi Hương', 'Mỹ Thuật', '	Huỳnh Hải Yến', '	03/12/2015', 7, 135000, 'oc-dao-mui-huong.jpg', 1, 'Ốc Đảo Mùi Hương\r\n\r\nVới những cô gái dành sự quan tâm và hứng thú cho việc làm mỹ phẩm handmade, hoặc chỉ là những ai yêu thích việc làm đẹp, cộng với việc thường xuyên theo dõi các Beauty Blog, thì hẳn sẽ không còn xa lạ gì với cái tên Nâu Nâu. Tại Việt Nam, Nâu Nâu Comestic do Huỳnh Hải Yến sáng lập vào năm 2013 là một thương hiệu uy tín trong việc chế tạo, chế xuất mỹ phẩm và các sản phẩm làm đẹp từ thiên nhiên. Xuất phát điểm từ tình yêu với những chai tinh dầu mang mùi hương đầy mê hoặc, Huỳnh Hải Yến đã làm nên một Nâu Nâu được mô tả như “một Thế giới bé nhỏ đầy hương thơm, nơi mà đàn bà được thư thái đắm mình, trải nghiệm những gì bằng an nhất”. Nâu Nâu Comestic sau này còn cho ra đời những sản phẩm đa dạng phục vụ công việc làm đẹp của phụ nữ như son môi, phấn thơm, nước hoa, xà phòng, mặt nạ giải độc, sữa dưỡng thể...\r\n\r\nVới sự thành công của thương hiệu cũng như mong muốn được chia sẻ những công thức, kinh nghiệm chế tạo mỹ phẩm của mình đến với rộng rãi bạn đọc, để các cô gái ai cũng có thể tự làm ra những sản phẩm làm đẹp “cộp mác” chính mình, mới đây, tác giả Huỳnh Hải Yến đã hợp tác cùng STYLORY cho ra mắt cuốn sách Do-It-Yourself đầu tiên mang tên “Ốc đảo mùi hương”- Một cuốn sách mà nghe tên thôi đã như là thoáng thấy đâu đó những hương thơm mỏng mảnh quyện lại trong không khí..\r\n\r\nCuốn sách hướng dẫn công thức làm các sản phẩm yêu thích như son dưỡng môi, body lotion, muối tắm... Ngoài ra, cuốn sách này hi vọng mang tới cho các bạn niềm vui nho nhỏ hàng ngày, giống như ốc đảo an nhiên mà bạn lưu trú tạm thời \"khi mỏi mệt và chán ngán với những ồn ào, những hằn học, những áp lực nặng nề, để miễn nhiễm với mọi thứ bên ngoài kia.\"'),
(66, 'Phong Thủy Âm Trạch', 'Thời Đại', '	Vương Tuyển', '	01/03/2010', 7, 178500, 'phong-thuy-am-trach.jpg', 9, 'Phong Thủy Âm Trạch\r\n\r\nThời xưa, khi phong thủy còn là đặc quyền đặc lợi của tầng lớp vua chúa và những người giàu có, các thầy phong thủy không mấy khi chịu tiết lộ bí quyết của mình. Ngày nay, bức màn bí mật này đã được vén lên phần nào. Nhiều thông tin về phong thủy được phổ biến công khai.\r\n\r\nCác lớp dạy về phong thủy được tổ chức rộng rãi khắp nơi trên thế giới, kể cả tại các nước Âu Mỹ. Các đầu sách viết về phong thủy vô cùng phong phú. Không phân biệt kẻ giàu người nghèo, nếu thực sự quan tâm và có đủ đam mê, bạn hoàn toàn có thể trang bị cho mình những kiến thức cơ bản và tự áp dụng phong thủy.\r\n\r\nPhong thủy âm trạch là cuốn sách dành riêng nói về những kiến thức căn bản mưu cầu mang lại hạnh phúc bền lâu, được biên soạn từ nhiều bộ cổ thư Trung Hoa được nhà nước Trung Hoa sưu tập và cho phép xuất bản rộng rãi để những ai quan tâm tham khảo, khảo cứu làm sáng tỏ những điều hay dở.\r\n\r\nBố cục sách gồm 15 chương, mỗi chương giải quyết một vấn đề quan trọng về phong thủy kèm các hình ảnh minh họa 4 mầu, giúp người đọc dễ nắm bắt khai trí.'),
(67, 'Thanh Lịch Kiểu Pháp', 'Thế Giới', '	Isabelle Thomas - Frederique Veysset', '	22/04/2017', 7, 119000, 'thanh-lich-kieu-phap.jpg', 5, 'Thanh Lịch Kiểu Pháp\r\n\r\nMột trong ba tác phẩm nổi bật nhất về Phong cách Pháp – Parisian Chic đã chính thức được phát hành tại Việt Nam vào ngày 21/03/3017 với tên gọi “Thanh lịch kiểu Pháp” (dịch giả: Thư Vũ)\r\n\r\nTừ câu chuyện về những người phụ nữ Thanh lịch nhất hành tinh.\r\n\r\nNgười ta vẫn thường rỉ tai nhau về vẻ xinh đẹp phóng khoáng và nhất là cái chất thanh lịch lạ kỳ của những người đàn bà Pháp quốc. Người ta không hiểu tại sao những phụ nữ sinh ra tại xứ sở này lại có thể mang trên mình ngần ấy vẻ thu hút, với khả năng gây bối rối ngay tắp lự trái tim hầu hết mọi đàn ông. Và đàn bà xứ khác mặc dù “ xanh mắt ghen tị” nhưng vẫn chưa khi nào thôi băn khoăn tìm kiếm bí mật cho vẻ quyến rũ lạ kỳ của phụ nữ Pháp.\r\n\r\nVà nếu đã nói đến phụ nữ Pháp và nước Pháp, người ta không thể không nhắc tới Thời trang. Đường phố Paris dường như là một sàn catwalk khổng lồ dài bất tận với những người phụ nữ ăn vận đẹp đẽ và thanh lịch. Họ đẹp một cách phóng khoáng và tự do, họ hơi xuề xòa và không kiểu cách nên thường mang lại cảm giác tự nhiên và chân thực, không cầu kỳ, không phô trương, rất mực tinh tế và rất giỏi cân bằng. Họ “đẹp” mà không cần “gắng gượng”.\r\n\r\nĐối với phụ nữ Pháp, thời trang không chỉ là quần áo, thời trang còn là phong cách sống, sâu sắc hơn, thời trang là văn hóa. Vậy nên mới có chuyện phụ nữ Pháp dõng dạc đưa ra những triết lý thời trang “kiêu hãnh” và đúng đắn như sau:\r\n\r\nPhụ nữ Pháp không bao giờ phải vất vả để “đẹp”.\r\n\r\nKhông chạy theo xu hướng, xu hướng mới phải là thứ chạy theo chúng ta.\r\n\r\nNếu có thứ gì xứng đáng để đầu tư tiền bạc mà không cần nghĩ ngợi tính toán, thì đó chính là những món quần áo căn bản như thế.\r\n\r\nHãy mặc đồ bình dân một cách thanh lịch.\r\n\r\nBản chất của một gu thẩm mỹ tốt luôn luôn nằm ở sự vừa phải, chừng mực.'),
(68, 'Vũ Điệu Của Làn Da', 'Thế Giới', '	Okyanmama', '	01/09/2017', 7, 89000, 'vu-dieu-cua-lan-da.jpg', 5, 'Vũ Điệu Của Làn Da\r\n\r\nPhụ nữ Nhật Bản và bí mật giản đơn không ngờ cho một làn da “không tuổi”\r\n\r\nTôi đã từng đọc ở đâu đó lời ví von so sánh làn da của phụ nữ Nhật Bản giống như một miếng đậu phụ non, trắng trẻo, mềm mại và tuyệt đối mịn màng. Phụ nữ Nhật sở hữu một làn da trắng mịn trứ danh và kỳ diệu thay điều này lại không phải cá biệt, phần lớn phụ nữ Nhật đều sở hữu một làn da đẹp đồng đều như thế. Điều kỳ diệu thứ hai là làn da đó dường như “không tuổi”, ngay cả những người phụ nữ đã bước vào thời kỳ trung niên, khuôn mặt dù có xuất hiện dấu hiệu tuổi tác, thì da của họ vẫn rất mịn màng và đặc biệt trắng trẻo.\r\n\r\nMột trong những điểm khác biệt khá lớn ở chu trình dưỡng da của người Nhật là họ không quá phụ thuộc vào các sản phẩm hay công nghệ dưỡng da đắt tiền, đối với người Nhật, thói quen tập luyện cộng thêm lối sống và tinh thần mới là những yếu tố quan trọng để mang tới một làn da tươi trẻ và sức khỏe dồi dào.\r\n\r\nNghe thì có vẻ hơi xa vời, nhưng người Nhật có một quan niệm khá tương đồng với người Pháp trong chuyện chăm sóc sắc đẹp. Họ có xu hướng đầu tư vào việc bảo trì và nuôi dưỡng da dẻ về lâu về dài, hơn là những biện pháp chăm sóc tức thời như đi thẩm mỹ hay tin vào những sản phẩm dưỡng da mang lại hiệu quả tức thời. Chính sự đầu tư cơ bản nhưng dài hạn, trải dài từ khi tuổi đời còn rất trẻ và rất có thể cho tới hết cuộc đời, đã biến việc chăm sóc sắc đẹp không còn là một chu trình rắc rối hay gượng ép, mà đã trở thành một điều quen thuộc tựa như việc đánh răng rửa mặt hàng ngày. Việc chăm sóc làn da tuyệt đối không phải là một gánh nặng duy trì nhan sắc, nó là một nghi thức tự chăm sóc bản thân mà phụ nữ Nhật nhất nhất tôn thờ và chăm chỉ thực hiện ngày qua ngày.\r\n\r\nPhương pháp trẻ hóa da không-tốn-một-đồng của hàng triệu phụ nữ Nhật\r\n\r\nKhông chỉ với riêng phụ nữ Nhật, theo năm tháng, sức khỏe suy giảm và đặc biệt là nhan sắc phai tàn luôn luôn là một nỗi buồn thầm kín của hầu hết mọi phụ nữ trên đời. Dấu hiệu của tuổi tác hiển lộ rõ rệt nhất trước tiên ở làn da – với sự xuất hiện của những nếp nhăn nơi khóe miệng, khóe mắt, hiện tượng nám và tàn nhang, hiện tượng chùng nhão da hay sắc tố da mờ xỉn…Tuy nhiên, có một nữ chuyên gia da liễu người Nhật đã khẳng định rằng, kỳ thực, tất cả những dấu hiệu như nếp nhăn, vết nám hay tàn nhang đều không phải yếu tố quyết định xem một gương mặt có bị lão hóa hay không. Nguyên nhân lớn nhất dẫn đến ấn tượng lão hóa ở gương mặt phụ nữ chính là tình trạng chảy xệ của bề mặt da và các bó cơ dưới da. Và cũng chính người phụ nữ này – chuyên gia Okyan mama - đã sáng tạo ra một phương pháp mát-xa và luyện tập cơ mặt, được ví như việc “luyện tập thể dục” cho các bó cơ dưới da, mang lại hiệu quả nâng cơ mặt rõ rệt và làm trẻ hóa da mặt thần kỳ chỉ sau một thời gian ngắn chăm chỉ luyện tập.\r\n\r\nBản thân bà Okyan mama cũng từng phải chịu đựng một làn da lão hóa già nua đáng ngạc nhiên khi mới tầm 38 tuổi, và luôn nung nấu ý định làm phẫu thuật nâng cơ mặt để cứu vãn tình hình. Nhưng hiện tại, bà đã tròn 52 tuổi mà vẫn sở hữu một làn da căng tràn sức sống như một phụ nữ ngoài 30.\r\n\r\nTất cả những bí kíp về phương pháp mát-xa kỳ diệu này đã được bà đúc kết lại và trình bày tỉ mỉ trong cuốn sách “Vũ điệu làn da”. Một ấn bản phẩm mà khi ra mắt đã gây kinh ngạc và chinh phục được hàng triệu phụ nữ Nhật Bản vì hiệu quả mà phương pháp mang lại cho làn da của họ. Điều đặc biệt là các động tác mát-xa đều rất dễ để học theo và thực hiện tại nhà mỗi tối, hiệu quả rõ rệt theo thời gian, không phẫu thuật đau đớn, không sử dụng các sản phẩm dưỡng da đắt đỏ… tóm lại, không-tốn-một-đồng để có được một làn da thanh xuân mơ ước.\r\n\r\nKhông chỉ viết về phương pháp mát-xa trẻ hóa da kỳ diệu, Okyan mama còn chia sẻ vô số những bí quyết chăm sóc da hay ho mà bà thu thập và tự trải nghiệm từ hành trình hàng chục năm làm việc trong lĩnh vực làm đẹp. Bạn sẽ không thể học được những quan niệm dưỡng da như sau từ bất cứ đâu ngoài cuốn sách này!\r\n\r\nDưỡng da từ bên trong. Ăn uống giúp nuôi dưỡng phần cốt lõi của làn da\r\n\r\nNâng cơ mặt ngay cả khi ngủ bằng “vũ khí bí mật”\r\n\r\nCàng đơn giản hóa chu trình dưỡng da, hiệu quả càng cao!\r\n\r\nDầu jojoba và bí mật se khít lỗ chân lông\r\n\r\nMột nụ cười tươi sẽ che lấp mọi khuyết điểm gương mặt, bạn tin không?\r\n\r\nVà còn vô số những bí quyết tuyệt vời khác mà chuyên gia Okyan mama đang chờ đợi để được tiết lộ cùng độc giả thông qua cuốn sách “Vũ điệu làn da”.\r\n\r\nMong ước dành tặng những điều tốt đẹp nhất cho người phụ nữ chính là một trong những tôn chỉ của thương hiệu sách STYLORY. Với “Vũ điệu làn da”, một lần nữa chúng tôi xin trao tặng tới độc giả một trong những bí quyết chăm sóc sắc đẹp nổi tiếng nhất và hiệu quả nhất, với niềm mong ước quý vị độc giả sẽ ngày càng trở nên xinh đẹp và hạnh phúc. Dù bất kể các bạn có thêm bao nhiêu tuổi đi chăng nữa, vẫn mãi giữ được vẻ đẹp tươi trẻ và vẫn mãi thắp lên được niềm lạc quan trong tim.'),
(69, 'Bao Lì Xì Trọn Bộ Độc Giả', 'Owlbooks', '	Airica', '	1973 Ngày phát hành	18/01/2019', 9, 24000, 'bao-li-xi-tron-bo-doc-gia-1.jpg', 100, 'Bao lì xì độc giả trọn bộ  9 cái\r\n\r\n In 2 mặt, cán bóng\r\n\r\nKhổ 16x18cm'),
(70, 'Túi Canvas SCI 4 Sát Thủ Phi Nhân Loại', 'Owlbooks', ' Nhĩ Nhã', '01/11/2018', 9, 65000, 'Tui-Canvas-SCI-4.jpg', 148, 'Túi canvas SCI 4 - Sát thủ phi nhân loại\r\n\r\n có quai sách\r\nkhổ 60x80cm\r\nvải canvas dày\r\nin 2 mặ'),
(71, 'Túi Canvas Chibi SCI 4 - Sát Thủ Phi Nhân Loại', 'Owlbooks', '	Nhĩ Nhã', '01/03/2018', 9, 65000, 'tui-canavas-chi-bi.jpg', 187, 'Túi chibi SCI 4 - Sát thủ phi nhân loại\r\n\r\n có quai sách\r\nkhổ 60x80cm\r\n vảii canvas dày\r\nin 2 mặt'),
(72, 'Essential Test For TOEIC LC 1000 Vol 2 (Kèm CD)', 'Tổng Hợp TP. HCM', '	Tommy', '2019', 1, 295000, 'Essential-Test-For-TOEIC-LC-1000-Vol-2-(Kem-CD).jpg', 47, 'Essential Test For TOEIC LC 1000 Vol 2 (Kèm CD)\r\n\r\n1000 Listening Comprehension Practice Test Items For The New Toeic Test'),
(73, 'IELTS 600 Essential Flashcards For IELTS - Phần 1', 'NXB Trẻ', ' Nhiều Tác Giả', '	17/11/2014', 1, 195000, 'IELTS-600-Essential-Flashcards-For-IELTS-Phan-1.jpg', 38, 'IELTS 600 Essential Flashcards For IELTS\r\n\r\nTừ vựng IELTS là ác mộng của bạn?\r\n\r\nBạn học không nổi hằng trăm từ vựng IELTS để thi\r\n\r\nBạn quên các từ vựng vừa học chỉ sau một thời gian ngắn\r\n\r\nBạn không có thời gian học từ vựng vì quá bận rộn\r\n\r\nBạn thử mọi cách: từ điển, học gạo... vẫn không hiệu quả\r\n\r\nHọc từ vựng quá khô khan, nhàm chán và buồn ngủ\r\n\r\nVới Flashcard Blueup, bạn không còn gặp các vấn đề đó nữa\r\n\r\nBạn sẽ học rất nhanh. Bởi vì phương pháp flashcard đã được khoa học chứng minh, bạn sẽ thuộc đến 1100 từ vựng trong 2 tháng và không phải lo lắng về từ vựng IELTS nữa.\r\n\r\nGhi nhớ mãi mãi. Nhờ vào mỗi từ vựng được minh họa bằng hình ảnh sinh động. Hình ảnh giúp não bộ ghi nhớ vượt trội và thậm chí sau thời gian dài, bạn vẫn nhớ được từ vựng đã học.\r\n\r\nHọc mọi lúc mọi nơi. Thiết kế nhỏ gọn, tiện dụng nên bạn có thể mang theo và học mọi lúc. Giúp bạn tiết kiệm thời gian rãnh.\r\n\r\nNội dung chất lượng. Được biên soạn kỹ lưỡng từ tài liệu \"Cambridge vocabulary for IELTS\". Bộ tài liệu danh tiếng và chính thống luyện thi IELTS. Được kiểm duyệt bởi các chuyên gia trình độ cao và NXB Trẻ.\r\n\r\nHọc thêm hơn 5000 từ gia đình và đồng nghĩa. Nghe phát âm chuẩn. Bổ sung vốn từ và dễ dàng sử dụng trong nhiều tình huống.'),
(74, 'IELTS Success Formula - Academic (Kèm 1 CD)', 'Tổng Hợp TP. HCM', '	Nhiều tác giả', '	01/11/2014', 1, 20000, 'IELTS-Success-Formula-Academic-(Kem-1-CD).jpg', 47, 'IELTS Success Formula - Academic (Kèm 1 CD)\r\n\r\nTo be able to listen and write down the right information a few things are needed.\r\n\r\nFirstly, writing while listening is an ability one needs to develop. You can use any opportunity to practice – a talk show on the radio, a podcast, a listening exercise you found online, etc. Just listen and make notes on a piece of paper of the most important things that you hear. You can use shorthand writing (such as writing “doc. ord.” instead of “doctor’s orders” for speed, as long as you can decipher your writing afterwards.\r\n\r\nSecondly, in the IELTS Listening sub test you need to know what you’re listening for. So you need to look ONLY at a small group of questions at a time (not all the questions in the section), as instructed by the recording. For example the recording says “Now look at questions 7 to 10″, so that means you need to quickly read only questions 7 to 10, but not any further. By doing that you are focusing just on the necessary information, you are not getting distracted by other things that aren’t important in the following fragment of the recording.\r\n\r\nThirdly, you need know question types really, really well. Pages 3 to 6 in IELTS Success Formula (click here to see) show you the question types and give you an example of each question type, which is good to get started; they also direct you towards which Fitness Activities you should do to practice in answering that particular question type. By studying all the question types you will know in what form the answer will come, and it will be easier to recognize it on the recording.'),
(75, 'Master Toefl Junior Basic (CEFR Level A2) - Kèm 1 CD', 'Tổng Hợp TP. HCM', '	Richie Hahn', '01/11/2014', 1, 158000, 'Master-Toefl-Junior-Basic-(CEFR-Level A2)-(Kem-1-CD).jpg', 41, 'Master Toefl Junior Basic (CEFR Level A2) - Kèm 1 CD\r\n\r\nEach book in the Master Toefl Junior series includes a carefully researched and detailed guide to each part of the Toefl Junior Test. This seriews was designed to give test takers the skills and knowledge needed to obtain a high score on the toefl junior test.\r\n\r\nI have geared this guide towards students who wish to assess their grasp of the communication skills necessary for participating in an english language learning environment. The toefl junior test provides parents and educators with objective information about improvements in a students english ability over time. It also serves as a comprehensive measurement that can be helpful in gaining students admission to selective educational programs. This book will be a great asset to efl students who wish to enter middle shools and exchange programs across America.\r\n'),
(76, 'Model Essays For IELTS Writing', 'Tổng Hợp TP. HCM', '	Nhiều tác giả', '	01/11/2014', 1, 198000, 'Model-Essays-For-IELTS-Writing.jpg', 21, 'Model Essays For IELTS Writing\r\n\r\nContents:\r\n\r\n1. In the past, people spent their entire lives doing one job.\r\n\r\n2. What are the main tasks of universities\r\n\r\n3. Should the government pay for medical care and education? Why?\r\n\r\n4. What is it in the mass media that has negative effects on teenagers and what meas- ures should governments take to solve this problem.'),
(77, 'New Economy TOEIC LC 1000 (Kèm CD)', 'Tổng Hợp TP. HCM', '	Nhiều tác giả', '2019', 1, 198000, 'New-Economy-TOEIC-LC-1000 (Kem-1-CD).jpg', 22, 'New Economy TOEIC LC 1000 (Kèm CD)'),
(78, 'Prime Toeic - Listening (Kèm 1 CD)', 'Tổng Hợp TP. HCM', '	Nhiều tác giả', '2019', 1, 298000, 'Prime-Toeic-Listening-(Kem-1-CD).jpg', 31, 'Prime Toeic - Listening (Kèm 1 CD)\r\n\r\nContents:\r\n\r\nPart 1: Photograph Descriptions\r\n\r\nChapter 1: Introduction\r\n\r\nChapter 2: photos focusing on actions\r\n\r\nChapter 3: photos focusing on Objects/ scenes/ settings\r\n\r\nPart 2: Questions & Responses\r\n\r\nChapter 1: Introduction\r\n\r\nChapter 2: Questions Types\r\n\r\nPart 3 & 4 : Short Conversations/ Short Talks\r\n\r\nChapter 1: Introduction\r\n\r\nChapter 2: Questions Types\r\n\r\nChapter 3: Part 3 Topics & Mini-Tests (1)\r\n\r\nChapter 4: Part 3 Topics & Mini-Tests (2)\r\n\r\nChapter 5: Part 4 Topics & Mini-Tests\r\n\r\nActual Test\r\n\r\nAnswers & Audio Scripts'),
(79, 'Simply Toeic - 5 Practice Tests (Kèm 1 CD)', 'Tổng Hợp TP. HCM', 'Nhiều tác giả', '01/11/2014', 1, 298000, 'Simply-Toeic-5 Practice-Tests-(Kem-1-CD).jpg', 31, 'Simply Toeic - 5 Practice Tests (Kèm 1 CD)\r\n\r\n5 TOEIC Practice Tests (Listening & Reading)\r\n\r\nSelf-Study Edition available that includes:\r\n\r\n- The Audioscript for the 10 Listening tests\r\n\r\n- An MP3 Audio CD with all the Recordings for the Listening Section\r\n\r\n- A set of Audio CDs presented in the exact format of the exam is also available'),
(80, 'Thần Chú Ngữ Pháp Của Winnie - Học Tiếng Anh Dễ Như Ăn Bánh', 'Thế Giới', '	Romi Park', '	01/01/2017', 1, 78000, 'than-chu-ngu-phap-hoc-tieng-anh-de-nhu-an-banh.jpg', 20, 'Thần Chú Ngữ Pháp Của Winnie - Học Tiếng Anh Dễ Như Ăn Bánh\r\n\r\nXin chào, tớ là phù thủy nhỏ Winnie. Tớ có nhiệm vụ quan trọng dành cho các cậu đây! Chỉ cần thực hiện nhiệm vụ này thì mọi chướng ngại trong môn tiếng Anh đều đơn giản hệt miếng bánh, goàm goàm. Để hoàn thành nhiệm vụ, các cậu sẽ được Giun đất ma thuật hướng dẫn cách chế thần chú ngữ pháp tiếng Anh dùng trong từng trường hợp, ví dụ như khi mách lẻo này, khi không muốn bị mẹ sai vặt này, hay khi cần tìm lại vật đã mất… Bước tiếp theo, hãy hoàn thiện bảng công thức khái quát, rồi dựa vào đó tập viết thần chú của riêng mình, vậy là xong! Nếu cậu muốn trở thành phù thủy tiếng Anh như Winnie tớ, thì bắt đầu luôn thôi!'),
(81, 'TOEFL 600 Essential Flashcards For Toefl IBT - Phần 1', 'NXB Trẻ', '	Nhiều tác giả', '	17/11/2014', 1, 185000, 'TOEFL-600-Essential-Flashcards-For-Toefl-IBT-p1.jpg', 4, 'TOEFL 600 Essential Flashcards For Toefl iBT\r\n\r\nTừ vựng TOEFL là ác mộng của bạn?\r\n\r\nBạn học không nổi hằng trăm từ vựng TOEFL để thi\r\n\r\nBạn quên các từ vựng vừa học chỉ sau một thời gian ngắn\r\n\r\nBạn không có thời gian học từ vựng vì quá bận rộn\r\n\r\nBạn thử mọi cách: từ điển, học gạo... vẫn không hiệu quả\r\n\r\nHọc từ vựng quá khô khan, nhàm chán và buồn ngủ\r\n\r\nVới Flashcard Blueup, bạn không còn gặp các vấn đề đó nữa\r\n\r\nBạn sẽ học rất nhanh. Bởi vì phương pháp flashcard đã được khoa học chứng minh, bạn sẽ thuộc đến 1100 từ vựng trong 2 tháng và không phải lo lắng về từ vựng TOEFL nữa.\r\n\r\nGhi nhớ mãi mãi. Nhờ vào mỗi từ vựng được minh họa bằng hình ảnh sinh động. Hình ảnh giúp não bộ ghi nhớ vượt trội và thậm chí sau thời gian dài, bạn vẫn nhớ được từ vựng đã học.\r\n\r\nHọc mọi lúc mọi nơi. Thiết kế nhỏ gọn, tiện dụng nên bạn có thể mang theo và học mọi lúc. Giúp bạn tiết kiệm thời gian rãnh.\r\n\r\nNội dung chất lượng. Được biên soạn kỹ lưỡng. Bộ tài liệu danh tiếng và chính thống luyện thi TOEFL. Được kiểm duyệt bởi các chuyên gia trình độ cao và NXB Trẻ.\r\n\r\nHọc thêm hơn 5000 từ gia đình và đồng nghĩa. Nghe phát âm chuẩn. Bổ sung vốn từ và dễ dàng sử dụng trong nhiều tình huống.'),
(82, 'Atlas Muôn Loài', 'Thế Giới', 'Virginie Aladjidi - Emmanuelle Tchoukriel', '01/03/2017', 11, 123500, 'Atlas-muon-loai.jpg', 1, 'Atlas Muôn Loài\n\nĐộng vật luôn cuốn hút trẻ em ở mọi lứa tuổi. Cuốn atlas đầu đời này của các em sẽ giới thiệu gần 250 trên tổng số 1,2 triệu loài động vật đã được các nhà khoa học thống kê trên Trái Đất. Đó là các loài thú, chim, côn trùng, thân mềm, bò sát có vảy, cá...\n\nTrong Atlas muôn loài, thế giới được phân thành chín vùng. Ứng với từng vùng địa lý là ba tấm bản đồ vừa dễ hiểu, vừa sống động, phân loại các loài động vật cư trú trên cạn, các loài động vật biết bay, và các loài động vật sống dưới nước.\n\nMột vài loài trong số đó đang trở nên quý hiếm (hổ, tinh tinh), thậm chí cực kỳ quý hiếm (tê giác đen, hải cẩu thầy tu, rùa da), hoặc đã bị tuyệt chủng trong môi trường hoang dã (linh dương sừng kiếm). Do đó, bên cạnh việc giúp độc giả có thêm hiểu biết về thế giới động vật kỳ thú trong tự nhiên thì cuốn sách còn mong muốn góp một tiếng nói khơi dậy tình yêu và lòng trân trọng đối với những người bạn đáng quý của chúng ta.'),
(83, 'Bách Khoa Động Vật', 'Đông A', 'Nhiều Tác Giả', '01/06/2012', 11, 268000, 'bach-khoa-dong-vat.jpg', 4, 'Bách Khoa Động Vật\r\n\r\nCuốn Bách khoa động vật là công trình biên soạn của hai chuyên gia có uy tín hàng đầu về động vật trên thế giới: Karen McGhee và tiến sĩ George McKay. Là nhà báo và tác giả sách khoa học có tên tuổi, Karen McGhee đã viết về thế giới tự nhiên hơn 20 năm nay, với nhiều tác phẩm được xuất bản ở châu Âu, Mỹ và Australia. Còn tiến sĩ George McKay là chuyên gia nổi tiếng thế giới trong ngành động vật học, đặc biệt là về chim và thú. Ông đã từng đặt chân đến tất cả các vùng địa lí sinh học trên thế giới và có nhiều năm kinh nghiệm làm việc cho các tổ chức khoa học, giảng dạy ở các trường đại học, cũng như tham gia biên tập và hiệu đính nhiều cuốn sách về động vật. \r\n\r\nBách khoa động vật hứa hẹn sẽ đặt vào tay bạn cả thế giới động vật kì thú với:\r\n\r\n- Hơn 1.500 loài động vật được minh họa sống động cùng danh pháp khoa học và tên thường gọi của chúng;\r\n\r\n- Bản đồ phân bố của tất cả các nhóm động vật chính;\r\n\r\n- Sơ đồ cơ thể động vật;\r\n\r\n- Phóng sự ảnh miêu tả động vật trong sinh cảnh của chúng;\r\n\r\n- Dữ liệu bảo tồn của nhiều loài động vật;\r\n\r\n- Thông tin về các khám phá và tiến bộ khoa học;\r\n\r\n- Bảng kích thước của các loài động vật;\r\n\r\n- Bảng từ vựng và bảng chú dẫn chi tiết và đầy đủ.\r\n\r\nKhám phá những trang sách của cuốn Bách khoa động vật, bạn có cơ hội làm quen và tìm hiểu toàn bộ thế giới động vật bao gồm: thú, chim, bò sát, lưỡng cư, cá và các loài không xương sống, từ hải tiêu đến giun và nhện.\r\n\r\nChuyến du hành kì thú này sẽ đưa bạn đến khắp nơi trên Trái Đất, từ những sườn núi lởm chởm đến đại dương sâu thẳm, từ những cánh rừng già ẩm ướt đến những sa mạc nóng như thiêu hay những địa cực băng giá. Ban đầu, bạn chỉ khám phá động vật là gì, chúng sống ở đâu, có tập tính gì và tại sao một số loài lại rơi vào tình trạng nguy cấp. Rồi cuộc diễu hành của giới Động vật bắt đầu, mỗi nhóm tiến vào với màu sắc riêng, làm nên một bức tranh sống động, muôn hình muôn vẻ, ẩn chứa vô vàn những hiểu biết mới lạ và lí thú.   \r\n\r\nSau phần giới thiệu những đặc trưng của mỗi nhóm là những bức tranh minh họa đẹp mắt, thông tin thú vị và bản đồ về các loài động vật trong nhóm. Cuối cùng là phần từ vựng giúp bạn hiểu những thuật ngữ mới và bảng tra cứu hoàn chỉnh giúp bạn dễ dàng tìm được bất cứ con vật nào được đề cập trong cuốn sách.\r\n\r\nVới những hình ảnh rực rỡ và sống động, thông tin cập nhật, chính xác, trình bày khoa học, Bách khoa động vật là cuốn cẩm nang hoàn chỉnh và là tài liệu tra cứu bổ ích cho những người ưa tìm tòi và yêu thích thế giới hoang dã ở mọi lứa tuổi'),
(84, 'Cướp Biển', 'Mỹ Thuật', '	Nhiều tác giả', '01/07/2014', 11, 115000, 'cuop-bien.jpg', 2, 'Cướp Biển\r\n\r\nNhững dải san hô nằm rải rác ở những chỗ nước nông trên biển khiến các thủy thủ không dám lơ là cảnh giác. Những bờ biển với những hàng cọ cao lớn của rừng rậm nhiệt đới chìm trong sương mù, thậm chí cả ban ngày. Vùng đất khô cằn rộng lớn và vô số các đảo là nơi cư trú của nhiều loài thực vật và động vật mà người châu Âu chưa bao giờ nhìn thấy. Có cảm giác như bạn đã đặt chân tới thiên đường. Tuy nhiên, những mối nguy hiểm to lớn luôn rình rập những du khách chưa có kinh  nghiệm. Họ có thể bị lạc đường, bị rắn cắn hoặc bị nhện và côn trùng đốt. Vùng đất này là nơi cư trú của những chiến binh với những chiếc lông sặc sỡ, tiến hành chiến tranh liên miên để chống lại phe khác, tổ chức các nghi thức tế lễ đẫm máu ghê rợn, và luôn có ác cảm với người lạ. Sức khỏe của các nhà thám hiểm bị hao mòn bởi những trận mưa lớn, không khí ẩm ướt và địa hình khó khăn. Rừng nhiệt đới đã giết hại vô số sinh mạng, nhưng những người ưa phiêu lưu mạo hiểm vẫn đổ dồn về đó.\r\n\r\nĐiều gì đã thôi thúc họ và khiến họ trở nên mù quáng? Đó chính là vàng, bạc và đá quý. Vì thế, họ đóng những con tàu đủ mạnh để vượt đại dương. Các đoàn tàu bắt đầu ra khơi, nhưng không phải tất cả đều trở về. Cuộc hành trình kéo dài khoảng vài tuần, thậm chí vài tháng. Nếu gặp bão, hàng hóa có thể bị rơi xuống biển hoặc tàu bị hư hại. Trong trường hợp đó, họ sẽ trở về nhà bằng cách nào? Họ chờ đợi vận may, họ ngóng trông những con tàu từ biên giới quê hương. Nếu không đạt được điều họ muốn một cách hoà bình, họ sẽ chiếm lấy nó bằng vũ lực. Tuy nhiên, điều đó sẽ khiến họ bị trừng phạt hoặc bị tống giam trên đường trở về. Do vậy, họ đã thay đổi hướng đi trong hành trình của mình. Đại dương mênh mông ngày càng có thêm nhiều con tàu xuất hiện.\r\n\r\nTin chắc rằng đã đến thời điểm thích hợp, những người phiêu lưu mạo hiểm cũng bắt đầu lên đường. Họ khởi hành tới các tuyến đường buôn bán và chờ đợi những chuyến tàu chở đầy châu báu. Họ khám xét và cướp đoạt chúng. Lợi nhuận thu về được sử dụng để mua sắm trang thiết bị và những con tàu tân tiến, càng thúc đẩy niềm tin của họ trong những chuyến hành trình tiếp theo. Những con tàu chắc chắn đã đưa họ đến tận bờ biển nước Mỹ. Họ chuẩn bị kỹ lưỡng các thủ đoạn cướp bóc và trở nên mạnh mẽ hơn với sự hỗ trợ của vũ khí. Họ giương cờ hiệu của cướp biển và đặt những cái tên đáng sợ để đe dọa các nạn nhân tương lai. Những người này coi bản thân là những chúa tể cướp bóc của biển xanh. Họ là những tên cướp biển.\r\n'),
(85, 'Hai Năm Trên Hoang Đảo', 'Văn học', '	Jules Verne', '	01/03/2017', 11, 86000, 'hai-nam-tren-dao-hoang.jpg', 9, 'Hai Năm Trên Hoang Đảo\r\n\r\nMột sự cố xảy ra trong đêm tối – du thuyền Sloughi mất tích và trôi dạt vào Thái Bình Dương, mang theo mười lăm cậu bé từ tám đến mười bốn tuổi, không một cơ may được cứu giúp cũng chẳng có người lớn nào để cậy trông. Vừa thoát khỏi bão tố và những con sóng dữ của đại dương, du thuyền lại dạt vào một miền đất hoang sơ, bí ẩn. Kì nghỉ hè mơ ước bỗng chốc hóa thành một \"trường học\" sinh tồn gian khổ: các cậu bé phải tự xoay xở để kiếm cái ăn, chốn ở và sống sót qua bao thử thách, hiểm nguy với hi vọng mong manh được thấy lại quê nhà.\r\n\r\nHai năm trên hoang đảo của Jules Verne trước hết là một cuộc phiêu lưu kì thú mở ra bao điều mới lạ về thế giới tự nhiên, đồng thời khơi gợi khao khát trưởng thành và ý chí tự lập ở các em nhỏ. Nhưng nhìn rộng ra, đây cũng là bức tranh thu nhỏ về công cuộc thám hiểm và chinh phục những vùng đất mới từng là một chương quan trọng trong lịch sử loài người. Qua đó, độc giả có dịp hiểu thêm về mối quan hệ giữa con người nhỏ bé nhưng giàu trí khôn và nghị lực với thiên nhiên kì vĩ, đôi khi khắc nghiệt nhưng hào phóng vô cùng.\r\n\r\nThông tin tác giả:\r\n\r\nJules Gabriel Verne (1828–1805)\r\n\r\nNhà văn người Pháp Jules Verne là nhân vật tiêu biểu của dòng truyện khoa học viễn tưởng và phiêu lưu. Bằng kiến thức khoa học uyên bác và tài văn chương điêu luyện, ông đã viết nên loạt truyện Những cuộc du hành kì thú (Voyages extraordinaires) gồm hàng chục tiểu thuyết với những ý tưởng hết sức táo bạo, như thám hiểm đại dương, du hành vũ trụ, phiêu lưu vào lòng đất, khám phá đảo hoang… Trong đó, tác phẩm Hai năm trên hoang đảo (1888) của ông từng được dịch ra nhiều thứ tiếng, được chuyển thể thành phim nhiều tập, phim hoạt hình và truyện tranh được yêu thích ở nhiều nơi trên thế giới.'),
(86, 'Mê Cung Phát Triển Tư Duy 2', 'NXB Phụ Nữ', 'philip clarke', '	01/02/2018', 11, 56000, 'me-cung-phat-trien-tu-duy-2.jpg', 8, 'Mê Cung Phát Triển Tư Duy - Tập 2\r\n\r\nTìm kho báu, giúp bạn bè thất lạc tìm lại nhau, chạy trốn khỏi núi lửa đang phun trào... Cuốn sách này chứa đựng hơn 50 mê cung đầy thú vị cho bé khám phá.\r\n\r\n'),
(87, 'Nghìn Lẻ Một Đêm - Tập 1', 'Văn học', '	Antoine Galland', '	01/02/2017', 11, 92000, 'nghin-le-mot-dem-tap-1.jpg', 2, 'Nghìn Lẻ Một Đêm - Tập 1\r\n\r\nNghìn Lẻ Một Đêm, tác phẩm vĩ đại bậc nhất của nền văn học Ả Rập, là một trong những công trình sáng tạo phong phú và hoàn mỹ của nền văn học thế giới.\r\n\r\nNhững truyện cổ tích này thể hiện với mức hoàn hảo, kỳ diệu xu hướng của nhân dân lao động muốn buông mình theo phép nhiệm màu của những ảo giác êm đẹp, theo sự kết hợp phóng khoáng của từ ngữ, thể hiện sức mạnh vũ bão của trí tưởng tượng hoa mỹ của các dân tộc phương Đông - người Ả Rập, người Ba Tư, người Ấn Độ. Công trình dệt gấm bằng từ ngữ này xuất hiện từ thời tối cổ, những sợi tơ muôn màu của nó lan khắp bốn phương, phủ lên trái đất một tấm thảm từ ngữ đẹp lạ lùng.'),
(88, 'Nghìn Lẻ Một Đêm - Tập 2', 'Văn học', '	Antoine Galland', '	01/01/2017', 11, 92000, 'nghin-le-mot-dem-tap-2.jpg', 6, 'Nghìn Lẻ Một Đêm - Tập 2\r\n\r\nNghìn Lẻ Một Đêm, tác phẩm vĩ đại bậc nhất của nền văn học Ả Rập, là một trong những công trình sáng tạo phong phú và hoàn mỹ của nền văn học thế giới.\r\n\r\nNhững truyện cổ tích này thể hiện với mức hoàn hảo, kỳ diệu xu hướng của nhân dân lao động muốn buông mình theo phép nhiệm màu của những ảo giác êm đẹp, theo sự kết hợp phóng khoáng của từ ngữ, thể hiện sức mạnh vũ bão của trí tưởng tượng hoa mỹ của các dân tộc phương Đông - người Ả Rập, người Ba Tư, người Ấn Độ. Công trình dệt gấm bằng từ ngữ này xuất hiện từ thời tối cổ, những sợi tơ muôn màu của nó lan khắp bốn phương, phủ lên trái đất một tấm thảm từ ngữ đẹp lạ lùng.'),
(89, 'Ngôi Nhà Gương', 'Dân Trí', '	Ulysses Moore', '	01/06/2015', 11, 87200, 'ngoi-nha-guong.jpg', 9, 'Ngôi Nhà Gương\r\n\r\nUlyesses Moore là câu chuyện phiêu lưu kỳ thú đến từ nước Ý. Truyện lấy bối cảnh một trang viên cổ bí ẩn nằm trên vách đá, nơi ẩn chứa những bí mật đằng sau cánh cửa mà chưa ai khám phá được. Cặp anh em sinh đôi Jason và Julia vừa chuyển tới đây từ Luân Đôn xa xôi đã quyết định khám phá bí mật của Ulyesses Moore, người từng sở hữu lâu đài.\r\n\r\nTrên tay các bạn là câu chuyện được săn lùng nhất của ngài Ulysses Moore, vì nó mà chàng trai trẻ người Ý đã phải lặn lội sang tận Anh quốc tìm đến địa dnah không hề tồn tại, mong lần ra dấu vết, và đổi lại đã nhận được cơ man nào là tranh, ảnh, bản đồ và những quyển sổ bìa đen, đã bị thời gian làm cho phai nhòa, tất cả đều được đánh số và viết tay rõ ràng... nhưng bằng một thứ ngôn ngữ hoàn toàn không thể hiểu nổi!'),
(90, 'Những Nàng Tiên Trên Cây Màu Nhiệm', 'Mỹ Thuật', 'Nhiều tác giả', '01/08/2014', 11, 127500, 'nhung-nang-tien-tren-cay-mau-nhiem.jpg', 6, 'Những Nàng Tiên Trên Cây Màu Nhiệm\r\n\r\nNhững nàng tiên trên cây màu nhiệm là tập truyện tranh độc đáo dành cho các độc giả nhí. Với những bức vẽ lạ mắt, bay bổng, uyển chuyển, các em có thể thấy được sự sống động trên từng ngọn cỏ, cành cây, và cả những ánh mắt đầy xúc cảm của các nàng tiên. Tập truyện nói về cuộc đấu tranh giữa cái ác và cái thiện trong thế giới những nàng tiên xinh đẹp sống trên cây màu nhiệm. Trải qua 4 mùa xuân-hạ-thu-đông, sự đấu tranh giữa cái thiện và ác diễn ra quyết liệt. Cuối cùng, cái thiện chiến thắng, cuộc sống lại tươi đẹp diễn ra trên những cây màu nhiệm…\r\n\r\nCuốn sách với lối vẽ manga lạ sẽ mang đến một cấp độ thưởng thức truyện tranh mới cho những ai yêu thích đọc truyện tranh.\r\n\r\nSách gồm 8 câu chuyện: Sự trở lại của mùa xuân, Cơn mưa rào, Lời nguyền của Grisiana, Bà chúa hồ, Sự trở lại của mùa thu, Chim sẻ Micrô, Bà chúa tuyết, Bông hồng vàng.\r\n\r\n'),
(91, 'Thần Thoại La Mã', 'NXB Phụ Nữ', '	G.Chandon', '20/03/2017', 11, 68000, 'than-thoai-la-ma.jpg', 9, 'Thần thoại La Mã\r\n\r\nSau cuộc chiến thành Troie, những người Troie đi đâu về đâu? Phải chăng họ sẽ bị tuyệt diệt hoặc hoàn toàn khuất phục, trở thành nô lệ của người Hy Lạp?\r\n\r\nNghe những lời sấm truyền mách bảo rằng: Hoàng tử thành Troie là Énée, con trai của nữ thần tình yêu và sắc đẹp Vénus, cùng những chiến binh kiên cường đã quyết tâm tìm đến vùng đất Italie để tái sinh dân tộc, xây dựng đế chế hùng mạnh mới. Nhưng Junon - nữ hoàng của các vị thần vẫn luôn thù ghét và tìm cách ngăn cản bước chân định mệnh đem tương lai xán lạn đến cho họ.\r\n\r\nVới cuốn sách Thần thoại La Mã, bạn đọc sẽ được sống trong những giây phút lịch sử hào hùng, chứng kiến hành trình gian khổ và hùng tráng của những anh hùng thành Troie. Liệu các thế lực thù địch, cả thần và người có ngăn cản, tiêu diệt được họ, hay người Troie sẽ giành được vận mệnh huy hoàng của mình?'),
(92, 'TỪ ĐIỂN BẰNG HÌNH – Thế Giới Động Vật Song Ngữ Anh – Việt ( Dành Cho Trẻ Từ 0- 6 Tuổi)', 'Văn học', '	Minh Tuệ', '	02/03/2019', 11, 40000, 'tu-dien-bang-hinh.jpg', 2, 'Từ Điển Bằng Hình – Thế giới động vật  song ngữ anh- việt (dành cho trẻ từ 0 đến 6 tuổi )\r\n\r\nBộ sách mang chủ đề  loài vật quanh em. Sách được in 4 màu trên khổ giấy lớn gồm 36 trang màu, hình thức trình bày song ngữ anh việt  với nội dung ngắn gon, hình ảnh sắc nét và đẹp mắt cùng nhiều hình động vật,vật nuôi gần gũi với các bé.\r\n\r\nBộ từ điển bằng hình cho trẻ ra đời với mục đích giúp trẻ nhận biết mọi vật chung quanh rồi lớn hơn tập làm quen nhận biết các muôn thú và tên gọi của chúng để hoàn thiện ngôn ngữ, giúp bé phát triển thêm kĩ năng anh văn từ ban đầu.'),
(93, 'Bản Kế Hoạch Thay Đổi Định Mệnh', 'Thế Giới', 'Michael Hyatt - Daniel Harkavy', '	01/04/2017', 12, 63000, 'ban-ke-hoach-thay-doi-dinh-menh.jpg', 5, 'Bản Kế Hoạch Thay Đổi Định Mệnh\r\n\r\n“Còn hơn cả một cuốn sách, đây là một lộ trình giúp bạn đến được nơi mình muốn từ vị trí hiện tại.”\r\n\r\n- Jon Gordon, tác giả cuốn \"Chuyến Xe Năng Lượng\" đã nhận xét.\r\n\r\nQuyển sách bao gồm 10 chương sẽ dẫn dắt bạn qua một hành trình nhận thức về nhu cầu cần có một kế hoạch cho cuộc sống của bạn, các bước để tạo được kế hoạch đó và sự can đảm để biến nó thành hiện thực. Tất cả là về việc trang bị để bạn có thể đưa ra các quyết định giúp bạn sống một cách chủ động và có mục đích hơn. Nếu làm theo những lời khuyên của cuốn sách, bạn sẽ có được các công cụ và biết được cách sống nhìn về phía trước chứ không phải qua gương chiếu hậu.'),
(94, 'Công Thức Nấu Ăn Tặng Con Gái', 'Hà Nội', 'Gong Ji Young', '01/09/2018', 12, 211000, 'cong-thuc-nau-an-tang-con-gai.jpg', 3, 'Công Thức Nấu Ăn Tặng Con Gái\n\n“Vẫn luôn có những ngày như thế. Ngày con bỗng chao đảo vì một lời nói bâng quơ. Sự thật là, vì lời nói đó con đã ủ rũ suốt cả ngày. Cũng chính là ngày mọi cánh cửa hy vọng bỗng đóng sầm trước mắt con, chặn đứng mọi tia sáng của thế gian. Những hy vọng mà con từng nghĩ chỉ cần chăm chỉ cố gắng là có thể chạm tới bỗng chốc lả tả rụng rơi… Là những ngày như thế đấy.\n\nLại cũng có những ngày thế này. Ngày mà cơn giận xông lên tận óc. Con không tài nào chịu đựng nổi màu áo trắng lạc quẻ của ai đó, dù thường ngày con chẳng mấy bận tâm, thậm chí cả tiếng mẹ qua điện thoại cũng khiến con khó chịu, ngày mà con muốn từ bỏ tất cả và đập phá mọi thứ. Những ngày như vậy… Phải rồi, ai cũng có những ngày như vậy.\n\nVào những ngày ấy, tất cả những gì mẹ có thể làm chỉ là lắng nghe con, nói với con rằng con không có gì bất thường cả, đau đớn cùng con rồi rủ con ăn món gì đó thật ngon.\n\nVào những ngày như thế, hãy nấu ăn theo công thức của mẹ.”'),
(95, 'Hạnh Phúc Đích Thực', 'NXB Phương Đông', '	Hoàng Anh Sướng', '01/12/2016', 12, 68000, 'hanh-phuc-dich-thuc.jpg', 9, 'Hạnh Phúc Đích Thực\r\n\r\nThiền sư Thích Nhất Hạnh là một trong những đại thiền sư nổi tiếng nhất thế giới, tác giả của hàng trăm cuốn sách, trong đó, rất nhiều cuốn được xếp hạng bestsellers như An lạc từng bước chân, Phép lạ của sự tỉnh thức, Chúa ngàn đời, Bụt ngàn đời... Ông là một văn nhân, một thi nhân, một học giả và cũng là một người đấu tranh cho hòa bình bằng phương pháp bất bạo động. Năm 1967, khi đề nghị Hội đồng Nobel trao giải Nobel Hòa bình cho thiền sư Thích Nhất Hạnh, mục sư nổi tiếng người Mỹ Martin Luther King đã phát biểu: \"Ông thầy tu mảnh khảnh xuất thân từ Việt Nam này, ngài là một học giả uyên thâm. Những phát kiến cho hòa bình của ngài, nếu áp dụng được, sẽ dựng nên một tượng đài cho tinh thần hòa đồng, tình huynh đệ và nhân bản\". Thiền sư chính là người thành lập dòng tu tiếp hiện, hành trì theo lý tưởng “Đạo phật đi vào cuộc đời” với phương pháp thực tập chánh niệm được xây dựng căn bản trên 14 giới tiếp hiện. Phương pháp thực tập chánh  niệm của thiền sư Thích Nhất Hạnh đã trở nên nổi tiếng khắp thế giới vì thực hành đơn giản nhưng kết quả lại vô cùng sâu sắc. Chỉ cần đem tâm trở về với thân bằng chú ý hơi thở và chú tâm vào những hành động hằng ngày, chúng ta có thể từ từ chuyển hóa và trị liệu nhiều vết thương trong ta và những người khác bằng lòng từ và tâm thương yêu.\r\n\r\n'),
(96, 'Lối Tư Duy Của Người Thông Minh', 'Lao động xã hội', '	Art Markman', '	01/06/2017', 12, 68200, 'loi-tu-duy-cua-nguoi-thong-minh.jpg', 9, 'Lối Tư Duy Của Người Thông Minh\r\n\r\nTại sao Jame Dyson có thể tạo ra được một thiết kế mang tính cách mạng cho chiếc máy hút bụi? Làm thế nào Fiona Fairhurst có thể chế tạo ra loại đồ bơi làm đảo lộn hoàn toàn những kỷ lục bơi lội trên thế giới? Liệu những ví dụ về tư duy thông minh này có thể được giải thích bằng cái chúng ta vẫn gọi là trí thông minh bẩm sinh hay không? Tất cả câu trả lời sẽ nằm trong cuốn sách Lối tư duy của người thông minh.\r\n\r\nKhông ít người có chỉ số IQ cao nhưng không đạt được những thành tựu tương xứng với tiềm năng sẵn có của mình. Thực tế những bài kiểm tra IQ chỉ là một chuỗi những câu hỏi và tình huống không giống với những gì bạn thực hiện ngoài đời. Chỉ số IQ cũng chỉ là những con số mà thôi. Nó không cho thấy người đó có thể tư duy thông minh hay không. Quan trọng là bạn phải sử dụng trí thông minh bẩm sinh của mình để giải quyết những vấn đề mới.\r\n\r\nTư duy một cách thông minh liên quan tới những kiến thức mà bạn sở hữu và cách thức sử dụng chúng. Tư duy thông minh cũng giống như đánh cờ, đó là một dạng kỹ năng chứ không phải là tài năng. Bạn hoàn toàn có thể học nó! Một kỳ thủ giỏi đã phải dành nhiều thời gian để tìm hiểu về mở cờ, kết cờ, thế cờ và những nước đi cụ thể. Tương tự như thế, người tư duy thông minh cũng phải hiểu được cách thức vận hành của bộ não, những thủ thuật và công thức của tư duy thông minh để sử dụng trong từng tình huống trong cuộc sống.\r\n\r\nLối tư duy của người thông minh chính là cuốn cẩm nang cho bạn những hướng dẫn nền tảng để có một tư duy nhạy bén và sáng tạo. Với những hiểu biết trong ngành khoa học nhận thức, Art Markman đã đúc kết nên những nguyên tắc thiết yếu của tư duy thông minh. Nguyên tắc: Thay thế thói quen giới hạn hiện tại bằng thói quen thông minh để tiếp nhận tri thức chất lượng cao và áp dụng những kiến thức đó khi bạn cần xử lý thông tin và giải quyết vấn đề trong cuộc sống tưởng như rất đơn giản nhưng không phải ai cũng hiện thực hóa được. Cuốn sách sẽ giúp bạn đạt được điều đó.'),
(97, 'Nói Luôn Cho Nó Vuông', 'Thế Giới', '	Steve Harvey', '	09/04/2015', 12, 64000, 'noi-luon-cho-no-vuong.jpg', 1, 'Nói Luôn Cho Nó Vuông\r\n\r\nSau thành công choáng váng của Cư xử như đàn bà, suy nghĩ như đàn ông, STEVE HARVEY, tác thông thái kiêm ngôi sao hài kịch, không thể cưỡng lại yêu cầu của độc giả muốn đọc thêm một cuốn sách nữa từ ông. Và Nói luôn cho vuông ra đời, lần này là để góp một câu trả lời sáng tỏ cho câu hỏi từng làm đau đầu không biết bao nhiêu người phụ nữ: Rốt cuộc thì trong các mối quan hệ, đàn ông thực sự nghĩ gì?\r\n\r\nCách viết dễ chịu theo lối kể chuyện của STEVE HARVEY đã đưa Nói luôn cho vuông ra khỏi sự nhàm chán cua những lời khuyên khô khan. Nhiều khả năng, độc giả của cuốn sách sẽ có cảm giác như đang ngồi trước một chương trình truyền hình trực tiếp, lắng nghe và đặt câu hỏi với STEVE rồi gật gù trước những câu trả lời. Đến thập niên đầu của thế kỉ 21 này thì hầu hết chúng ta đều đã nhất trí rằng chẳng có người đàn ông hoàn hảo nào còn sống trên đời cả, nhưng với cẩm nang này, rất có thể hành trình tìm ra, giữ chân và thấu hiểu người đàn ông mà bạn hằng mơ ước sẽ trở nên dễ dàng và thú vị hơn.'),
(98, 'Tăng Cường Trí Lực', 'Dân Trí', '	Joel Levy', '	06/07/2015', 12, 120000, 'tang-cuong-tri-luc.jpg', 16, 'Tăng Cường Trí Lực\r\n\r\nBạn có bao giờ quên khuấy tên ai đó, hay lẫn lộn password hoặc chỗ để chìa khóa ?\r\n\r\nBạn muốn củng cố các kĩ nắng ngôn ngữ, số học và tăng cường khả năng tiếp thu kiến thức ?\r\n\r\nTăng cường trí lực là cuốn sách lí tưởng giúp bạn tự tin hơn để vượt qua những thử thách về trí nhớ và tư duy !\r\n\r\nCuốn sách này cung cấp một chương trình rèn luyện bao quát giúp bạn đương đầu với những thử thách ghi nhớ hàng ngày, thông qua các bài tập và câu đố được thiết kế nhằm thúc đẩy trí lực toàn diện. Tăng cường trí lực có nội dung thực tiễn gắn liền với cuộc sống hằng ngày, được chia thành nhiều chương ngắn để dễ tiếp thu, mỗi chương tập trung vào một khía cạnh cụ thể, liên quan đến những vấn đề về trí não thường gặp trong cuộc sống hằng ngày, như ghi nhớ mã PIN, password, lịch hẹn, xác định phương hướng và nhiều vấn đề khác.\r\n\r\nBạn có thể bắt đầu ngay từ chương mà bạn cảm thấy thiết thực nhất, hoặc đọc lần lượt từng chương một cách có hệ thống để hoàn thành chương trình rèn luyện trí não toàn diện. Bảy chương đầu tập trung vào trí nhớ: các chương 1–3 đề cập đến trí nhớ ngắn hạn, chương 4 bàn về trí nhớ trung hạn, và chương 5–7 tìm hiểu trí nhớ dài hạn. Mỗi chương đều gắn liền với những bài tập thiết thực nhằm tối ưu hóa hiệu quả trong thực tiễn. Chẳng hạn, chương 2 tập trung khắc phục vấn đề quên tên và mặt người mới gặp, chương 6 là về vấn đề ghi nhớ password, mã PIN, và chương 7 hướng dẫn các thủ thuật có thể giúp bạn học và ôn kiến thức hiệu quả hơn. Các chương còn lại giải quyết từng mảng cụ thể của trí thông minh. Chương 8 và 9 đề cập đến trí thông minh số học, chương 10 nói về trí thông minh ngôn ngữ, và chương 11 tìm hiểu trí thông minh hình ảnh – không gian. Chương 12 đề cập đến tư duy logic với các câu đố và giải mã, còn chương 13 lại tập trung vào khả năng sáng tạo và tư duy “ngoại biên”.\r\n\r\nMỗi chương bắt đầu bằng một bài trắc nghiệm nhanh để bạn tự đánh giá khả năng của mình ở khía cạnh đang đề cập. Sau đó bạn sẽ chuyển thẳng đến phần bài tập, câu đố, mẹo và thủ thuật. Ngoài chương 13, mỗi chương đều có hệ thống tính điểm, giúp bạn đánh giá xem não bộ của mình đã phát huy năng lực đến mức tối ưu, hay bạn cần luyện tập nhiều hơn.\r\n\r\nVà cuối cùng, bạn đã sẵn sàng để Tăng cường trí lực?');
INSERT INTO `products` (`id`, `title`, `publisher_name`, `author_name`, `publish_year`, `category_id`, `price`, `picture`, `num_existed`, `description`) VALUES
(100, 'Tối Ưu Hóa Trí Nhớ', 'Dân Trí', '	Pascale Michelon', '	06/07/2015', 12, 102000, 'toi-uu-hoa-tri-nho.jpg', 0, 'Tối Ưu Hóa Trí Nhớ - Tối Ưu Hóa Trí Nhớ Bằng Phương Pháp Hình Ảnh\r\n\r\nCó một chiếc chìa khóa kì diệu để mở ra cách cửa tăng cường trí nhớ, đó là “hình ảnh”. Quả thật, ta dễ nhớ hình hơn nhớ từ. Tối ưu hóa trí nhớ là cuốn sách hướng dẫn đầu tiên tận dụng tối đa phương pháp hình ảnh nhằm phát triển toàn diện trí nhớ với hình minh họa hấp dẫn và vui nhộn cùng lời dẫn cô đọng dễ đọc, dễ hiểu.\r\n\r\nCuốn sách cung cấp hơn 200 bài tập đơn giản, lí thú và gần gũi với đời sống hằng ngày giúp nâng cao khả năng ghi nhớ và tái hiện kí ức, đồng thời cải thiện độ nhạy bén của trí não. Tối ưu hóa trí nhớ đồng thời hướng dẫn nhiều thủ thuật đã được các chuyên gia áp dụng thành công cùng những phương pháp hữu hiệu để phòng tránh hiện tượng đãng trí và nhầm lẫn. Ở từng chương, cuốn sách giúp bạn đánh giá mức tiến bộ của mình qua các bài kiểm tra “check-in”/“check-out”.\r\n\r\nThông tin tác giả\r\n\r\nTác giả Pascale Michelon hiện đang nghiên cứu tại khoa Tâm lí, Đại học Washington và là người sáng lập công ty The Memory Practice với sứ mệnh tăng cường sức khỏe não bộ và trí lực. Tiến sĩ Michelon cũng là cộng tác viên của website SharpBrain.com, cung cấp những kiến thức tốt nhất dựa trên cơ sở khoa học và hướng dẫn để duy trì trí lực cho các cá nhân, công ty và viện nghiên cứu.');

-- --------------------------------------------------------

--
-- Table structure for table `users`
--

CREATE TABLE `users` (
  `id` int(11) NOT NULL,
  `first_name` varchar(255) CHARACTER SET utf8 COLLATE utf8_vietnamese_ci NOT NULL,
  `last_name` varchar(255) CHARACTER SET utf8 COLLATE utf8_vietnamese_ci NOT NULL,
  `email` varchar(255) NOT NULL,
  `password` varchar(255) NOT NULL,
  `phone` varchar(255) NOT NULL,
  `address` varchar(255) CHARACTER SET utf8 COLLATE utf8_vietnamese_ci NOT NULL,
  `account_type` varchar(255) NOT NULL
) ENGINE=InnoDB DEFAULT CHARSET=latin1;

--
-- Dumping data for table `users`
--

INSERT INTO `users` (`id`, `first_name`, `last_name`, `email`, `password`, `phone`, `address`, `account_type`) VALUES
(1, '', '', 'ebook@gmail.com', '$2y$10$gRSSIKHyHyREu2m9UVtrVetz9QrRaXjJIGuA83V4Ou73dEoN6loDS', '', '', 'admin'),
(2, 'Hai', 'Nguyen', 'hainguyen@gmail.com', '$2y$10$ebgt8jiFX/FBPoxy2WQb8ObwUGNs0GgNHhD696esCTmEPVheXZOQe', '0000000000', '', 'customer'),
(10, 'Hải', 'Nguyễn', 'hainguyen1@gmail.com', '$2y$10$IRU9KBp7fo2Cs0KTTeDqzO8KoXuzCrsF33xynoDHhDLKYozxnCCMS', '1234567890', 'Hà Tây', 'customer'),
(12, 'Nam', 'Đỗ', 'namdo@gmail.com', '$2y$10$zdGngvk/aMsSYQ4tD2H3LOE5JnRMSdj6Ur5JV0xe7oGSbcOwdKesO', '0000000000', 'Gia Lâm-Hà Nội', 'customer'),
(13, 'Hung', 'Nguyen', 'nguyenvanhung97ptit@gmail.com', '$2y$10$kzco4EP04KNbQxXaYCLtOe11gICVmHsBnKr0OYS2AwdT8T8EpViaq', '122334444', 'Ha Noi', 'customer'),
(14, 'Manh', 'Nguyen', 'manhnt0210@gmail.com', '$2y$10$vAc7lWY8UW9PE7V9Oe32fO32Ow7h64wwSAYpqIiYBNZ6vorX8Yd..', '036996', 'Linh Dam', 'customer'),
(15, 'Dat', 'Vu Tien', 'vutiendat2412@gmail.com', '$2y$10$aFOw4merkqw5p0NL1PL2V.j8LAqPRn6wT55A1jSIzbIFqnaCVFluC', '0147963189963', 'Phu dien', 'customer');

--
-- Indexes for dumped tables
--

--
-- Indexes for table `categories`
--
ALTER TABLE `categories`
  ADD PRIMARY KEY (`id`);

--
-- Indexes for table `orders`
--
ALTER TABLE `orders`
  ADD PRIMARY KEY (`id`),
  ADD KEY `user_id` (`user_id`);

--
-- Indexes for table `orders_products`
--
ALTER TABLE `orders_products`
  ADD PRIMARY KEY (`id`),
  ADD KEY `order_id` (`order_id`),
  ADD KEY `product_id` (`product_id`);

--
-- Indexes for table `products`
--
ALTER TABLE `products`
  ADD PRIMARY KEY (`id`),
  ADD KEY `category_id` (`category_id`);

--
-- Indexes for table `users`
--
ALTER TABLE `users`
  ADD PRIMARY KEY (`id`);

--
-- AUTO_INCREMENT for dumped tables
--

--
-- AUTO_INCREMENT for table `categories`
--
ALTER TABLE `categories`
  MODIFY `id` int(11) NOT NULL AUTO_INCREMENT, AUTO_INCREMENT=13;

--
-- AUTO_INCREMENT for table `orders`
--
ALTER TABLE `orders`
  MODIFY `id` int(11) NOT NULL AUTO_INCREMENT, AUTO_INCREMENT=34;

--
-- AUTO_INCREMENT for table `orders_products`
--
ALTER TABLE `orders_products`
  MODIFY `id` int(11) NOT NULL AUTO_INCREMENT, AUTO_INCREMENT=34;

--
-- AUTO_INCREMENT for table `products`
--
ALTER TABLE `products`
  MODIFY `id` int(11) NOT NULL AUTO_INCREMENT, AUTO_INCREMENT=101;

--
-- AUTO_INCREMENT for table `users`
--
ALTER TABLE `users`
  MODIFY `id` int(11) NOT NULL AUTO_INCREMENT, AUTO_INCREMENT=16;

--
-- Constraints for dumped tables
--

--
-- Constraints for table `orders`
--
ALTER TABLE `orders`
  ADD CONSTRAINT `orders_ibfk_1` FOREIGN KEY (`user_id`) REFERENCES `users` (`id`);

--
-- Constraints for table `orders_products`
--
ALTER TABLE `orders_products`
  ADD CONSTRAINT `orders_products_ibfk_1` FOREIGN KEY (`order_id`) REFERENCES `orders` (`id`),
  ADD CONSTRAINT `orders_products_ibfk_2` FOREIGN KEY (`product_id`) REFERENCES `products` (`id`);

--
-- Constraints for table `products`
--
ALTER TABLE `products`
  ADD CONSTRAINT `products_ibfk_1` FOREIGN KEY (`category_id`) REFERENCES `categories` (`id`);
COMMIT;

/*!40101 SET CHARACTER_SET_CLIENT=@OLD_CHARACTER_SET_CLIENT */;
/*!40101 SET CHARACTER_SET_RESULTS=@OLD_CHARACTER_SET_RESULTS */;
/*!40101 SET COLLATION_CONNECTION=@OLD_COLLATION_CONNECTION */;
